-- phpMyAdmin SQL Dump
-- version 3.4.11.1deb2
-- http://www.phpmyadmin.net
--
-- Servidor: localhost
-- Tiempo de generación: 02-07-2014 a las 18:20:27
-- Versión del servidor: 5.5.37
-- Versión de PHP: 5.4.4-14+deb7u11

SET SQL_MODE="NO_AUTO_VALUE_ON_ZERO";
SET time_zone = "+00:00";


/*!40101 SET @OLD_CHARACTER_SET_CLIENT=@@CHARACTER_SET_CLIENT */;
/*!40101 SET @OLD_CHARACTER_SET_RESULTS=@@CHARACTER_SET_RESULTS */;
/*!40101 SET @OLD_COLLATION_CONNECTION=@@COLLATION_CONNECTION */;
/*!40101 SET NAMES utf8 */;

--
-- Base de datos: `g8scgp`
--

-- --------------------------------------------------------

--
-- Estructura de tabla para la tabla `Calendario`
--

CREATE TABLE IF NOT EXISTS `Calendario` (
  `id` int(11) NOT NULL AUTO_INCREMENT,
  `title` varchar(200) COLLATE utf8_unicode_ci NOT NULL,
  `url` varchar(200) COLLATE utf8_unicode_ci NOT NULL,
  `bg_color` varchar(50) COLLATE utf8_unicode_ci NOT NULL,
  `fg_color` varchar(50) COLLATE utf8_unicode_ci NOT NULL,
  `css_class` varchar(250) COLLATE utf8_unicode_ci DEFAULT NULL,
  `start` datetime NOT NULL,
  `end` datetime NOT NULL,
  `all_day` tinyint(1) DEFAULT NULL,
  `updated_at` datetime NOT NULL,
  `created_at` datetime NOT NULL,
  `activo` tinyint(1) DEFAULT NULL,
  `discr` varchar(255) COLLATE utf8_unicode_ci NOT NULL,
  PRIMARY KEY (`id`)
) ENGINE=InnoDB DEFAULT CHARSET=utf8 COLLATE=utf8_unicode_ci AUTO_INCREMENT=1 ;

-- --------------------------------------------------------

--
-- Estructura de tabla para la tabla `contacto`
--

CREATE TABLE IF NOT EXISTS `contacto` (
  `id` int(11) NOT NULL AUTO_INCREMENT,
  `nombre_apellido` varchar(255) COLLATE utf8_unicode_ci NOT NULL,
  `telefono` varchar(255) COLLATE utf8_unicode_ci DEFAULT NULL,
  `email` varchar(255) COLLATE utf8_unicode_ci NOT NULL,
  `mensaje` longtext COLLATE utf8_unicode_ci NOT NULL,
  PRIMARY KEY (`id`)
) ENGINE=InnoDB DEFAULT CHARSET=utf8 COLLATE=utf8_unicode_ci AUTO_INCREMENT=1 ;

-- --------------------------------------------------------

--
-- Estructura de tabla para la tabla `evento`
--

CREATE TABLE IF NOT EXISTS `evento` (
  `id` int(11) NOT NULL,
  `descripcion` longtext COLLATE utf8_unicode_ci NOT NULL,
  `contenido` longtext COLLATE utf8_unicode_ci,
  PRIMARY KEY (`id`)
) ENGINE=InnoDB DEFAULT CHARSET=utf8 COLLATE=utf8_unicode_ci;

-- --------------------------------------------------------

--
-- Estructura de tabla para la tabla `Fecha`
--

CREATE TABLE IF NOT EXISTS `Fecha` (
  `id` int(11) NOT NULL AUTO_INCREMENT,
  `calendario_id` int(11) NOT NULL,
  `dia` varchar(50) COLLATE utf8_unicode_ci NOT NULL,
  `hora_inicio` time NOT NULL,
  `hora_fin` time NOT NULL,
  PRIMARY KEY (`id`),
  KEY `IDX_C06998DDA7F6EA19` (`calendario_id`)
) ENGINE=InnoDB DEFAULT CHARSET=utf8 COLLATE=utf8_unicode_ci AUTO_INCREMENT=1 ;

-- --------------------------------------------------------

--
-- Estructura de tabla para la tabla `fos_user`
--

CREATE TABLE IF NOT EXISTS `fos_user` (
  `id` int(11) NOT NULL AUTO_INCREMENT,
  `seccion_id` int(11) DEFAULT NULL,
  `username` varchar(255) COLLATE utf8_unicode_ci NOT NULL,
  `username_canonical` varchar(255) COLLATE utf8_unicode_ci NOT NULL,
  `email` varchar(255) COLLATE utf8_unicode_ci NOT NULL,
  `email_canonical` varchar(255) COLLATE utf8_unicode_ci NOT NULL,
  `enabled` tinyint(1) NOT NULL,
  `salt` varchar(255) COLLATE utf8_unicode_ci NOT NULL,
  `password` varchar(255) COLLATE utf8_unicode_ci NOT NULL,
  `last_login` datetime DEFAULT NULL,
  `locked` tinyint(1) NOT NULL,
  `expired` tinyint(1) NOT NULL,
  `expires_at` datetime DEFAULT NULL,
  `confirmation_token` varchar(255) COLLATE utf8_unicode_ci DEFAULT NULL,
  `password_requested_at` datetime DEFAULT NULL,
  `roles` longtext COLLATE utf8_unicode_ci NOT NULL COMMENT '(DC2Type:array)',
  `credentials_expired` tinyint(1) NOT NULL,
  `credentials_expire_at` datetime DEFAULT NULL,
  PRIMARY KEY (`id`),
  UNIQUE KEY `UNIQ_957A647992FC23A8` (`username_canonical`),
  UNIQUE KEY `UNIQ_957A6479A0D96FBF` (`email_canonical`),
  UNIQUE KEY `UNIQ_957A64797A5A413A` (`seccion_id`)
) ENGINE=InnoDB  DEFAULT CHARSET=utf8 COLLATE=utf8_unicode_ci AUTO_INCREMENT=4 ;

--
-- Volcado de datos para la tabla `fos_user`
--

INSERT INTO `fos_user` (`id`, `seccion_id`, `username`, `username_canonical`, `email`, `email_canonical`, `enabled`, `salt`, `password`, `last_login`, `locked`, `expired`, `expires_at`, `confirmation_token`, `password_requested_at`, `roles`, `credentials_expired`, `credentials_expire_at`) VALUES
(1, NULL, 'admin', 'admin', 'admin@admin.com', 'admin@admin.com', 1, 'sa4t93jfhuog0swwos0sww88s44o4o0', '6et4EsfgjUFUAvuVmP8vXRqC/NjXGUxA8aB8QHtCPB8SptqOimgBzhTfS/xt9FTeX5H0mvPUmCzYgUM7EY1Xag==', '2014-07-02 18:13:46', 0, 0, NULL, NULL, NULL, 'a:1:{i:0;s:10:"ROLE_ADMIN";}', 0, NULL),
(2, 6, 'direccion', 'direccion', 'dir@gmail.com', 'dir@gmail.com', 1, 'mx6nwxq2bhw88s80wo4o0kg0w880gk8', 'naTUJn0kGAGU2bTRTdneO7xS2Sa1Z75p154g1z9Wiqd0Mnuydy0z1hoSeLtqQVyIUoNLLqkMISI0AM3Z3SlLbw==', '2014-06-25 10:39:13', 0, 0, NULL, NULL, NULL, 'a:1:{i:0;s:14:"ROLE_DIRECCION";}', 0, NULL),
(3, 14, 'juan', 'juan', 'juanmah31@gmail.com', 'juanmah31@gmail.com', 1, 'kci5axp6dlccg804sg8s80wkck4844k', 'Yw9Lvwh30ge9qh/z0FV6uc6hLPSOegFaODDWNmYoBe8ut6ezj9psTPGpnRhPiqM3UYaUAZmrg9JEvQfiXU/ypg==', '2014-07-02 11:04:25', 0, 0, NULL, NULL, NULL, 'a:1:{i:0;s:14:"ROLE_DIRECCION";}', 0, NULL);

-- --------------------------------------------------------

--
-- Estructura de tabla para la tabla `imagen`
--

CREATE TABLE IF NOT EXISTS `imagen` (
  `id` int(11) NOT NULL AUTO_INCREMENT,
  `file_path` varchar(255) COLLATE utf8_unicode_ci DEFAULT NULL,
  `discriminador` varchar(255) COLLATE utf8_unicode_ci NOT NULL,
  PRIMARY KEY (`id`)
) ENGINE=InnoDB  DEFAULT CHARSET=utf8 COLLATE=utf8_unicode_ci AUTO_INCREMENT=40 ;

--
-- Volcado de datos para la tabla `imagen`
--

INSERT INTO `imagen` (`id`, `file_path`, `discriminador`) VALUES
(4, '162b94f7372f33e18808e296304e31a215451f79.jpeg', 'imagen_noticia'),
(10, 'f9068c11244f07d80559e168c3b4b771ed7e00f1.png', 'imagen_seccion'),
(11, 'ca7604c87894ef3c72be8453236098b52335209f.png', 'imagen_seccion'),
(12, '4e0ba74deca1c446fa236166b4aca66172d53452.png', 'imagen_seccion'),
(13, 'a5b70d434e5766c5a87b8e57971f52204169c534.png', 'imagen_seccion'),
(14, '4d9b1b0083d9a6de35ca1ce89fd50a9db5331e61.png', 'imagen_seccion'),
(15, 'fd31ce9483842738ebc4091ca1a1c790dc592223.jpeg', 'imagen_noticia'),
(16, 'b8e2a28065976c120d18b432fe459bcf84dc362a.png', 'imagen_noticia'),
(17, 'f7cb99104de96281eef36bdec9c4e650d23cfb10.png', 'imagen_noticia'),
(18, '2d7247c32326292f19c4efd8b9439f8649ada122.png', 'imagen_noticia'),
(19, '112a10424ab8d09194da198c78759438d60235c3.png', 'imagen_seccion'),
(20, '162836c24305fe8fe59ff7ee985dcd678d1c898a.png', 'imagen_seccion'),
(21, 'dcd81bbe036055aee032eca2cf1b907a55d2ce21.jpeg', 'imagen_seccion'),
(22, '0913c0239695261f3970dc7a7eb2d1bfbbc6ebcc.jpeg', 'imagen_seccion'),
(23, '39a4b2bbb6c20f3aa0c84b19cf55acacdea9284b.jpeg', 'imagen_seccion'),
(24, '6e2de68b8481e061ff33d7c4182aa6e0f5029fc4.jpeg', 'imagen_seccion'),
(25, 'fd2f3ec0c0ce2cdba0ac68e573902e8f6cc6f09d.jpeg', 'imagen_seccion'),
(26, '4b35d2b6d9988a5c5dd6c19f8d57a259b0691fc6.jpeg', 'imagen_seccion'),
(27, 'aaecd3f9cb46aa0d65a564d55de258157cde5629.jpeg', 'imagen_seccion'),
(28, '7adbfc43b019d2a3a2bdfaf0d5137fe58f71c079.jpeg', 'imagen_noticia'),
(29, 'bb4185b356edf3c9a74c2f38b3aca8fe04f4c471.jpeg', 'imagen_noticia'),
(30, 'a3f54fe5163cec4065d706f399778520cb32e25f.jpeg', 'imagen_noticia'),
(31, 'd6f8aba235868a936dd3ffcc973790201b60915e.jpeg', 'imagen_noticia'),
(34, '16b48e9c6e4033569559282eab51ada57958d503.jpeg', 'imagen_noticia'),
(38, '52ae42a7ba36fbe1a0bc405157bf25ee095a12ce.png', 'imagen_seccion'),
(39, '821a02dcfb30391f4a06b4ec7cd4d6ece8b70d18.jpeg', 'imagen_noticia');

-- --------------------------------------------------------

--
-- Estructura de tabla para la tabla `imagen_evento`
--

CREATE TABLE IF NOT EXISTS `imagen_evento` (
  `id` int(11) NOT NULL,
  `evento_id` int(11) DEFAULT NULL,
  `descripcion` longtext COLLATE utf8_unicode_ci,
  PRIMARY KEY (`id`),
  KEY `IDX_62C2E8B987A5F842` (`evento_id`)
) ENGINE=InnoDB DEFAULT CHARSET=utf8 COLLATE=utf8_unicode_ci;

-- --------------------------------------------------------

--
-- Estructura de tabla para la tabla `imagen_noticia`
--

CREATE TABLE IF NOT EXISTS `imagen_noticia` (
  `id` int(11) NOT NULL,
  `noticia_id` int(11) DEFAULT NULL,
  `descripcion` longtext COLLATE utf8_unicode_ci,
  PRIMARY KEY (`id`),
  KEY `IDX_F3D2E4D299926010` (`noticia_id`)
) ENGINE=InnoDB DEFAULT CHARSET=utf8 COLLATE=utf8_unicode_ci;

--
-- Volcado de datos para la tabla `imagen_noticia`
--

INSERT INTO `imagen_noticia` (`id`, `noticia_id`, `descripcion`) VALUES
(4, 1, NULL),
(15, 4, 'e-government'),
(16, 5, NULL),
(17, 6, NULL),
(18, 7, NULL),
(28, 8, 'dsad'),
(29, 8, NULL),
(30, 8, NULL),
(31, 8, NULL),
(34, 9, NULL),
(39, 10, NULL);

-- --------------------------------------------------------

--
-- Estructura de tabla para la tabla `imagen_portada`
--

CREATE TABLE IF NOT EXISTS `imagen_portada` (
  `id` int(11) NOT NULL AUTO_INCREMENT,
  `descripcion` longtext COLLATE utf8_unicode_ci,
  `file_path` varchar(255) COLLATE utf8_unicode_ci DEFAULT NULL,
  PRIMARY KEY (`id`)
) ENGINE=InnoDB  DEFAULT CHARSET=utf8 COLLATE=utf8_unicode_ci AUTO_INCREMENT=9 ;

--
-- Volcado de datos para la tabla `imagen_portada`
--

INSERT INTO `imagen_portada` (`id`, `descripcion`, `file_path`) VALUES
(1, NULL, 'b593ff10f0da301fe001040bdc677d61cb3ee84e.jpeg'),
(2, NULL, 'cc9a8b1c6a575c5996e8eae792c7589396352a29.jpeg'),
(3, NULL, '54f4f1d4de9fb813a398c432d9da4a0758ef1efb.jpeg'),
(4, NULL, '29c90f96601c8d76eeccf818568585e86bdefc29.jpeg'),
(5, NULL, '63c70161f44ae50686104c655b008a83ab212ffa.jpeg'),
(6, NULL, '010e93c4e592ead4c47f6ae0e475dcfed082e8dd.jpeg'),
(7, NULL, 'b158250c97165f25a9665866806b5a16e0126825.jpeg'),
(8, NULL, '10eb0070f707972ae936b00b9fcbd21cfca8c75b.jpeg');

-- --------------------------------------------------------

--
-- Estructura de tabla para la tabla `imagen_seccion`
--

CREATE TABLE IF NOT EXISTS `imagen_seccion` (
  `id` int(11) NOT NULL,
  `seccion_id` int(11) DEFAULT NULL,
  `descripcion` longtext COLLATE utf8_unicode_ci,
  PRIMARY KEY (`id`),
  KEY `IDX_224FAE8D7A5A413A` (`seccion_id`)
) ENGINE=InnoDB DEFAULT CHARSET=utf8 COLLATE=utf8_unicode_ci;

--
-- Volcado de datos para la tabla `imagen_seccion`
--

INSERT INTO `imagen_seccion` (`id`, `seccion_id`, `descripcion`) VALUES
(10, 4, 'CG'),
(11, 13, 'Premio provincial a la calidad 2014'),
(12, 16, 'Ventanilla Unica'),
(13, 27, 'E-learning Chaco'),
(14, 28, 'Firma Digital'),
(19, 59, 'Memo Electronico'),
(20, 61, 'Sistema Mesa de Entradas'),
(21, 62, 'foto1'),
(22, 62, 'foto2'),
(23, 62, 'foto3'),
(24, 62, 'foto4'),
(25, 62, 'foto5'),
(26, 62, 'foto6'),
(27, 62, 'foto7'),
(38, 63, 'Carta compromiso');

-- --------------------------------------------------------

--
-- Estructura de tabla para la tabla `Item`
--

CREATE TABLE IF NOT EXISTS `Item` (
  `id` int(11) NOT NULL AUTO_INCREMENT,
  `menu_id` int(11) NOT NULL,
  `parent_id` int(11) DEFAULT NULL,
  `name` varchar(255) COLLATE utf8_unicode_ci NOT NULL,
  `name_slug` varchar(255) COLLATE utf8_unicode_ci NOT NULL,
  `title` varchar(255) COLLATE utf8_unicode_ci NOT NULL,
  `level` int(11) NOT NULL,
  `orden` int(11) NOT NULL,
  PRIMARY KEY (`id`),
  KEY `IDX_BF298A20CCD7E912` (`menu_id`),
  KEY `IDX_BF298A20727ACA70` (`parent_id`)
) ENGINE=InnoDB  DEFAULT CHARSET=utf8 COLLATE=utf8_unicode_ci AUTO_INCREMENT=64 ;

--
-- Volcado de datos para la tabla `Item`
--

INSERT INTO `Item` (`id`, `menu_id`, `parent_id`, `name`, `name_slug`, `title`, `level`, `orden`) VALUES
(1, 1, NULL, 'Institucional', 'institucional', 'Institucional', 1, 1),
(2, 1, 1, 'Autoridades', 'autoridades', 'Autoridades', 2, 1),
(3, 2, NULL, 'Dirección General de Bienes', 'direcci-n-general-de-bienes', 'Bienes', 1, 3),
(4, 3, NULL, 'Centro de gestión', 'centro-de-gesti-n', 'Centro de gestión', 1, 1),
(5, 1, 1, 'Acerca de SCGP', 'acerca-de-scgp', 'Acerca de SCGP', 2, 2),
(6, 2, NULL, 'Dirección General de Modernización', 'direcci-n-general-de-modernizaci-n', 'Modernizacion', 1, 1),
(7, 2, NULL, 'Dirección General de Contrataciones Estratégicas', 'direcci-n-general-de-contrataciones-estrat-gicas', 'Contrataciones', 1, 4),
(8, 2, NULL, 'Dirección de Administración', 'direcci-n-de-administraci-n', 'Administración', 1, 6),
(9, 1, 1, 'Eventos SCGP', 'eventos-scgp', 'Eventos SCGP', 2, 3),
(10, 1, 1, 'Videos institucionales', 'videos-institucionales', 'Videos institucionales', 2, 4),
(11, 2, NULL, 'Dirección de Comunicaciones', 'direcci-n-de-comunicaciones', 'Comunicaciones', 1, 7),
(13, 3, NULL, 'Premio provincial a la calidad 2014', 'premio-provincial-a-la-calidad-2014', 'Calidad', 1, 2),
(14, 2, NULL, 'Dirección General de Tecnologías de la Información', 'direcci-n-general-de-tecnolog-as-de-la-informaci-n', 'TIC''s', 1, 2),
(15, 2, NULL, 'Dirección General de Recursos Humanos', 'direcci-n-general-de-recursos-humanos', 'RRHH', 1, 5),
(16, 3, NULL, 'Sistema Ventanilla Unica', 'sistema-ventanilla-unica', 'VUE', 1, 2),
(17, 2, 3, 'Responsabilidad primaria y accciones', 'responsabilidad-primaria-y-accciones', 'Responsabilidad primaria y accciones', 2, 1),
(18, 2, 3, 'Autoridades', 'autoridades', 'Autoridades', 2, 2),
(19, 2, 3, 'Direcciones y Departamentos', 'direcciones-y-departamentos', 'Direcciones y Departamentos', 2, 3),
(20, 2, 3, 'Informes', 'informes', 'Informes', 2, 4),
(21, 1, 3, 'Formularios', 'formularios', 'Formularios', 2, 5),
(22, 2, NULL, 'Direccion de Organizacion Administrativa', 'direccion-de-organizacion-administrativa', 'DOA', 1, 8),
(23, 2, NULL, 'Unidad de Auditoría Interna', 'unidad-de-auditor-a-interna', 'UAI', 1, 9),
(24, 2, NULL, 'Unidad de Planificación Sectorial', 'unidad-de-planificaci-n-sectorial', 'UPS', 1, 10),
(25, 2, 6, 'Responsabilidad primaria y accciones', 'responsabilidad-primaria-y-accciones', 'Responsabilidad primaria y accciones', 2, 1),
(26, 1, 6, 'Autoridades', 'autoridades', 'Autoridades', 2, 2),
(27, 3, NULL, 'E-learning Chaco', 'e-learning-chaco', 'E-learning', 1, 4),
(28, 3, NULL, 'Firma Digital', 'firma-digital', 'Firma Digital', 1, 6),
(29, 2, 14, 'Responsabilidad primaria y accciones', 'responsabilidad-primaria-y-accciones', 'Responsabilidad primaria y accciones', 2, 1),
(30, 2, 14, 'Autoridades', 'autoridades', 'Autoridades', 2, 2),
(31, 2, 7, 'Responsabilidad primaria y accciones', 'responsabilidad-primaria-y-accciones', 'Responsabilidad primaria y accciones', 2, 1),
(36, 2, 7, 'Autoridades', 'autoridades', 'Autoridades', 2, 2),
(37, 2, 7, 'Direcciones y Departamentos', 'direcciones-y-departamentos', 'Direcciones y Departamentos', 2, 3),
(38, 2, 7, 'Normativa', 'normativa', 'Normativa', 2, 4),
(39, 2, 7, 'Formularios', 'formularios', 'Formularios', 2, 5),
(40, 2, 7, 'Compras y Contrataciones', 'compras-y-contrataciones', 'Compras y Contrataciones', 2, 6),
(41, 2, 8, 'Responsabilidad primaria y accciones', 'responsabilidad-primaria-y-accciones', 'Responsabilidad primaria y accciones', 2, 1),
(42, 2, 8, 'Autoridades', 'autoridades', 'Autoridades', 2, 2),
(43, 2, 8, 'Departamentos', 'departamentos', 'Departamentos', 2, 3),
(44, 1, NULL, 'PROFyM', 'profym', 'PROFyM', 1, 2),
(45, 1, 44, 'Acerca de PROFyM', 'acerca-de-profym', 'Acerca de PROFyM', 2, 1),
(46, 2, 15, 'Responsabilidad primaria y accciones', 'responsabilidad-primaria-y-accciones', 'Responsabilidad primaria y accciones', 2, 1),
(47, 2, 15, 'Autoridades', 'autoridades', 'Autoridades', 2, 2),
(48, 2, 15, 'Direcciones Recursos Humanos', 'direcciones-recursos-humanos', 'Direcciones RRHH', 2, 3),
(49, 2, 48, 'Dirección de Gestión de Personal', 'direcci-n-de-gesti-n-de-personal', 'Dirección de Gestión de Personal', 3, 1),
(50, 2, 48, 'Administracion Sistema Informatico y Control de Haberes', 'administracion-sistema-informatico-y-control-de-haberes', 'Admin Sist. Informatico y Control Haberes', 3, 2),
(51, 1, 48, 'Dirección de Legislación y Relaciones Laborales', 'direcci-n-de-legislaci-n-y-relaciones-laborales', 'Dirección de Legislación y Relaciones Laborales', 3, 3),
(52, 2, 48, 'Dirección de Desarrollo de Recursos Humanos', 'direcci-n-de-desarrollo-de-recursos-humanos', 'Dirección de Desarrollo de RRHH', 3, 4),
(53, 2, 15, 'Departamentos', 'departamentos', 'Departamentos', 2, 4),
(54, 1, 44, 'Proyectos de Modernización', 'proyectos-de-modernizaci-n', 'Proyectos de Modernización', 2, 2),
(55, 2, 24, 'Responsabilidad primaria y accciones', 'responsabilidad-primaria-y-accciones', 'Responsabilidad primaria y accciones', 2, 1),
(56, 2, 24, 'Autoridades', 'autoridades', 'Autoridades', 2, 2),
(57, 2, 24, 'Departamentos', 'departamentos', 'Departamentos', 2, 3),
(58, 2, 24, 'Instrumentos Legales', 'instrumentos-legales', 'Instrumentos Legales', 2, 4),
(59, 3, NULL, 'Memo Electronico', 'memo-electronico', 'Memo Electronico', 1, 6),
(60, 1, 44, 'Publicaciones', 'publicaciones', 'Publicaciones', 2, 3),
(61, 3, NULL, 'Sistema Mesa de Entradas', 'sistema-mesa-de-entradas', 'Sistema Mesa de Entradas', 1, 7),
(62, 1, 1, 'Galeria de Imagenes', 'galeria-de-imagenes', 'Galeria de Imagenes', 2, 4),
(63, 1, 1, 'Carta Compromiso con el Ciudadano', 'carta-compromiso-con-el-ciudadano', 'Carta Compromiso con el Ciudadano', 2, 6);

-- --------------------------------------------------------

--
-- Estructura de tabla para la tabla `Menu`
--

CREATE TABLE IF NOT EXISTS `Menu` (
  `id` int(11) NOT NULL AUTO_INCREMENT,
  `name` varchar(255) COLLATE utf8_unicode_ci NOT NULL,
  `name_slug` varchar(255) COLLATE utf8_unicode_ci NOT NULL,
  PRIMARY KEY (`id`)
) ENGINE=InnoDB  DEFAULT CHARSET=utf8 COLLATE=utf8_unicode_ci AUTO_INCREMENT=4 ;

--
-- Volcado de datos para la tabla `Menu`
--

INSERT INTO `Menu` (`id`, `name`, `name_slug`) VALUES
(1, 'Menu', 'menu'),
(2, 'Direcciones', 'direcciones'),
(3, 'Enlaces', 'enlaces');

-- --------------------------------------------------------

--
-- Estructura de tabla para la tabla `noticia`
--

CREATE TABLE IF NOT EXISTS `noticia` (
  `id` int(11) NOT NULL AUTO_INCREMENT,
  `seccion_id` int(11) DEFAULT NULL,
  `pdf_id` int(11) DEFAULT NULL,
  `titulo` varchar(255) COLLATE utf8_unicode_ci NOT NULL,
  `descripcion` longtext COLLATE utf8_unicode_ci NOT NULL,
  `contenido` longtext COLLATE utf8_unicode_ci,
  `publicado` tinyint(1) DEFAULT NULL,
  `portada` tinyint(1) DEFAULT NULL,
  `fecha` datetime NOT NULL,
  `updated_at` datetime NOT NULL,
  `created_at` datetime NOT NULL,
  PRIMARY KEY (`id`),
  UNIQUE KEY `UNIQ_31205F96511FC912` (`pdf_id`),
  KEY `IDX_31205F967A5A413A` (`seccion_id`)
) ENGINE=InnoDB  DEFAULT CHARSET=utf8 COLLATE=utf8_unicode_ci AUTO_INCREMENT=11 ;

--
-- Volcado de datos para la tabla `noticia`
--

INSERT INTO `noticia` (`id`, `seccion_id`, `pdf_id`, `titulo`, `descripcion`, `contenido`, `publicado`, `portada`, `fecha`, `updated_at`, `created_at`) VALUES
(1, 3, 1, 'CHACO EN UNA DE LAS VICEPRESIDENCIAS DEL CONSEJO FEDERAL DE LA FUNCIÓN PÚBLICA', 'En el marco de la 1ª Asamblea Ordinaria 2014 del Consejo, “Calidad, transparencia y equidad para una gestión inclusiva”, la subsecretaria de Coordinación y Gestión Pública, Maris Telma Gamón, fue electa para ocupar una de las la Vicepresidencias del Consejo Federal de la Función Pública (COFEFUP).', '<h1>En el marco de la 1&ordf; Asamblea Ordinaria 2014 del Consejo, &ldquo;Calidad, transparencia y equidad para una gesti&oacute;n inclusiva&rdquo;, la subsecretaria de Coordinaci&oacute;n y Gesti&oacute;n P&uacute;blica, Maris Telma Gam&oacute;n, fue electa para ocupar una de las la Vicepresidencias del Consejo Federal de la Funci&oacute;n P&uacute;blica (COFEFUP).</h1><p>&nbsp;</p><p><img class="scaledImageFitWidth img" src="https://scontent-b-lga.xx.fbcdn.net/hphotos-frc3/t1.0-9/10258724_646528795417659_7639345063445541042_n.jpg" alt="Foto: http://prensa.chaco.gov.ar/?pag=noticia&amp;nid=32488            CHACO EN UNA DE LAS VICEPRESIDENCIAS DEL CONSEJO FEDERAL DE LA FUNCI&Oacute;N P&Uacute;BLICA            En el marco de la 1&ordf; Asamblea Ordinaria 2014 del Consejo, &ldquo;Calidad, transparencia y equidad para una gesti&oacute;n inclusiva&rdquo;, la subsecretaria de Coordinaci&oacute;n y Gesti&oacute;n P&uacute;blica, Maris Telma Gam&oacute;n, fue electa para ocupar una de las la Vicepresidencias del Consejo Federal de la Funci&oacute;n P&uacute;blica (COFEFUP)." /></p><p>&nbsp;</p><p><a href="http://www.prensa.chaco.gov.ar/?pag=noticia&amp;nid=32488" target="_blank">http://www.prensa.chaco.gov.ar/?pag=noticia&amp;nid=32488</a></p>', 0, 1, '2014-06-13 00:00:00', '2014-06-26 08:52:46', '2014-06-13 12:02:37'),
(3, 6, 3, 'Prueba', 'Prueba 2', '<p>sdfgdfg dfg gf fgdf bb</p>', 0, 0, '2014-06-17 00:00:00', '2014-06-17 10:46:02', '2014-06-17 08:25:22'),
(4, 3, 4, 'GOBIERNO ELECTRÓNICO: AVANZAN REUNIONES CON ORGANISMOS', 'El Gobierno de la Provincia por intermedio de distintos organismos oficiales, concretó una reunión para comenzar a avanzar en la Implementación del Plan Provincial de Gobierno Electrónico que consiste en el uso de Tecnologías de Información y Comunicación (TIC).', '<h2 align="left"><strong>El Gobierno de la Provincia por intermedio de distintos organismos oficiales, concret&oacute; una reuni&oacute;n para comenzar a avanzar en la Implementaci&oacute;n del Plan Provincial de Gobierno Electr&oacute;nico que consiste en el uso de Tecnolog&iacute;as de Informaci&oacute;n y Comunicaci&oacute;n (TIC).</strong>&nbsp;</h2><p>El Gobierno de la Provincia por intermedio de distintos organismos oficiales, concret&oacute; una reuni&oacute;n para comenzar a avanzar en la Implementaci&oacute;n del Plan Provincial de Gobierno Electr&oacute;nico que consiste en el uso de Tecnolog&iacute;as de Informaci&oacute;n y Comunicaci&oacute;n (TIC) para el mejoramiento de los distintos servicios que se brinda a la comunidad en general. &nbsp;</p><p>El encuentro cont&oacute; con la presencia de la subsecretaria de Coordinaci&oacute;n y Gesti&oacute;n P&uacute;blica Maris Telma Gam&oacute;n, funcionarios de las Direcciones General de Tecnolog&iacute;as de Informaci&oacute;n y de Sistemas de Informaci&oacute;n y Comunicaci&oacute;n y referentes de Gobierno Electr&oacute;nico de los Ministerios de de Desarrollo Social, de Producci&oacute;n, de Planificaci&oacute;n y Ambiente, de Salud; del Instituto Provincial de Desarrollo Urbano y Vivienda, IPRODICH, Loter&iacute;a Chaque&ntilde;a y Tesorer&iacute;a General.</p><p>Fuente:&nbsp;<a href="http://portal1.chaco.gov.ar/subsecretaraa-de-coordinacian-y-gestianpablica/noticia/28754/gobierno-electronico-avanzan-reuniones-con-organismos">http://portal1.chaco.gov.ar/subsecretaraa-de-coordinacian-y-gestianpablica/noticia/28754/gobierno-electronico-avanzan-reuniones-con-organismos</a></p><p>&nbsp;</p><p>&nbsp;</p><p>&nbsp;</p>', 0, 1, '2014-06-17 00:00:00', '2014-06-26 08:51:52', '2014-06-17 11:14:03'),
(5, 6, 5, 'PREMIO PROVINCIAL A LA CALIDAD 2014 (2da edición)', 'PREMIO PROVINCIAL A LA CALIDAD 2014 (2da edición)', '<h2 style="text-align: center;">&nbsp;</h2><ol><li><h2>INSCRIPCIONES PARA ORGANIZACIONES P&Uacute;BLICAS Y PRIVADAS&nbsp;<a href="http://scgp.chaco.gov.ar/scgpchaco/index.php/premio-2014/organizaciones-publicas-y-privadas" target="_blank">INGRESAR AQU&Iacute;</a></h2></li><li><h2>INSCRIPCIONES PARA EL CURSO DE EVALUADORES DEL PREMIO PROVINCIAL A LA CALIDAD&nbsp;<a href="http://scgp.chaco.gov.ar/scgpchaco/index.php/premio-2014/curso-de-evaluadores" target="_blank">INGRESAR AQU&Iacute;</a></h2></li><li><h2>DESCARGAR MANUAL OPERATIVO Y MODELO DE CALIDAD&nbsp;<a href="http://scgp.chaco.gov.ar/scgpchaco/images/PROFyM/calidad/manual_operativo_y_modelo_calidad.pdf" target="_blank">Descargar aqu&iacute;</a></h2></li></ol><h2>&nbsp;</h2>', 1, 1, '2014-06-18 00:00:00', '2014-07-02 10:53:43', '2014-06-18 11:51:51'),
(6, 6, 6, 'CURSO “EVALUADORES DEL PREMIO PROVINCIAL A LA CALIDAD“ Edición 2014', 'CURSO “EVALUADORES DEL PREMIO PROVINCIAL A LA CALIDAD“ Edición 2014', '<p align="center">&nbsp;</p><p align="center"><strong>&nbsp;</strong></p><p align="center"><strong>INSCRIPCIONES AL CURSO</strong></p><p align="center"><strong>Del 5 al 30 de mayo</strong></p><p align="center">&nbsp;&nbsp;</p><p align="center"><strong>DESCARGAR MANUAL OPERATIVO Y MODELO DE CALIDAD&nbsp;</strong></p><p align="center"><strong><a href="images/PROFyM/calidad/manual_operativo_y_modelo_calidad.pdf" target="_blank">Descargar aqu&iacute;</a></strong></p><p align="center">&nbsp;</p><p><strong>Objetivo del curso:&nbsp;</strong>entrenar profesionales del medio para la conformaci&oacute;n de equipos de evaluadores del Premio</p><p><strong>Requisitos de inscripci&oacute;n:</strong></p><ul><li>T&iacute;tulo profesional universitario de grado (excluyente)</li><li>Experiencia en Gesti&oacute;n de Calidad.</li><li>Tres a&ntilde;os de experiencia laboral en Organizaciones p&uacute;blicas o privadas o como profesional independiente.</li></ul><p><strong>Fecha y duraci&oacute;n:&nbsp;</strong>mes de junio. El curso cuenta con 2 etapas: A (3 d&iacute;as) y B (2 d&iacute;as)</p><p>&nbsp;</p><p><strong>Compromiso</strong></p><p>La aprobaci&oacute;n del curso implica, en caso de ser requerido, el compromiso de participar como evaluador en todas las etapas previstas en la normativa</p><p><strong>&nbsp;</strong></p><p><strong>Manual Operativo y Modelo de Calidad</strong></p><p>&nbsp;</p><p>El documento&nbsp;<strong>Manual Operativo y Modelo de Calidad&nbsp;</strong>contiene las bases y condiciones del premio, y los criterios de evaluaci&oacute;n; servir&aacute; de gu&iacute;a para todas las etapas del premio.</p><p>&nbsp;</p><p align="center"><strong>Consultas e informes</strong></p><p align="center">e-mail:&nbsp;<a href="mailto:ppcchaco@gmail.com">ppcchaco@gmail.com</a></p><p align="center">Tel: +54 362 - 4456416 - Internos 7353 / 6416</p><p align="center">Marcelo T. de Alvear 145 &nbsp;6&deg; Piso - Oficina ProFyM</p>', 1, 1, '2014-06-18 00:00:00', '2014-06-18 11:58:56', '2014-06-18 11:57:59'),
(7, 6, 7, 'INSCRIPCIONES PARA ORGANIZACIONES 2014', 'INSCRIPCIONES PARA ORGANIZACIONES 201', '<p align="center">&nbsp;</p><p align="center"><strong>&nbsp;</strong></p><p align="center"><strong>INSCRIPCIONES</strong></p><p style="text-align: center;"><strong>(Se prorroga hasta el 13 de junio)</strong></p><p style="text-align: center;" align="center">&nbsp;<strong>&nbsp;</strong></p><p align="center"><strong>FORMULARIO DE INSCRIPCI&Oacute;N SECTOR P&Uacute;BLICO&nbsp;<a href="../ppc/admiycat-publico/" target="_blank">Ingresar aqu&iacute;</a></strong></p><p align="center"><strong>&nbsp;</strong></p><p align="center"><strong>FORMULARIO DE INSCRIPCI&Oacute;N SECTOR PRIVADO&nbsp;<a href="../ppc/admiycat-privado/" target="_blank">Ingresar aqu&iacute;</a></strong></p><p align="center"><strong>&nbsp;</strong></p><p align="center">&nbsp;(Antes de completar el formulario se recomienda leer Manual Operativo y Modelo de Calidad)</p><p align="center">&nbsp;</p><p align="center"><strong>DESCARGAR MANUAL OPERATIVO Y MODELO DE CALIDAD&nbsp;</strong></p><p align="center"><strong><a href="images/PROFyM/calidad/manual_operativo_y_modelo_calidad.pdf" target="_blank">Descargar aqu&iacute;</a></strong></p><p align="center">&nbsp;</p><p><strong>&nbsp;</strong></p><p><strong>Manual Operativo y Modelo de Calidad</strong></p><p>Los participantes deber&aacute;n descargar el documento&nbsp;<strong>Manual Operativo y Modelo de Calidad&nbsp;</strong>que contiene las bases y condiciones del premio, y los criterios de evaluaci&oacute;n; servir&aacute; de gu&iacute;a para todas las etapas del premio.</p><p><strong>&nbsp;</strong></p><p><strong>&iquest;Qui&eacute;nes puede participar?</strong></p><p><strong><em>Organizaciones P&uacute;blicas:</em></strong>&nbsp;organismos y dependencias del Sector P&uacute;blico Provincial y dependencias de los municipios de la Provincia del Chaco, que se adhieran al Decreto N&ordm; 2787/12.</p><p><em><strong>Organizaciones Privadas:&nbsp;</strong></em>del sector primario, secundario y terciario, con fines de lucro y sede en la Provincia del Chaco.</p><p><strong>&nbsp;</strong></p><p><strong>Categor&iacute;as</strong></p><div align="center"><table class="mceItemTable" border="0" cellspacing="0" cellpadding="0"><tbody><tr><td valign="bottom" width="233"><p align="center">&nbsp;Sector P&uacute;blico*</p></td><td valign="bottom" width="254"><p align="center">Sector Privado**</p></td><td width="1">&nbsp;</td></tr><tr><td valign="bottom" width="233"><p><strong>Categor&iacute;a I:</strong>&nbsp;De 20 a 50 personas</p><p><strong>Categor&iacute;a II:</strong>&nbsp;De 51 a 80 personas</p><p><strong>Categor&iacute;a III:</strong>&nbsp;De 81 a 100 personas</p><p><strong>Categor&iacute;a IV:</strong>&nbsp;M&aacute;s de 100 personas</p></td><td colspan="2" valign="bottom" width="255"><p><strong>Categor&iacute;a I:</strong>&nbsp;De 10 a 25 personas</p><p><strong>Categor&iacute;a II:</strong>&nbsp;De 26 a 50 personas</p><p><strong>Categor&iacute;a III:</strong>&nbsp;De 51 a 100 personas</p><p><strong>Categor&iacute;a IV:</strong>&nbsp;M&aacute;s de 100 personas</p></td></tr></tbody></table></div><p><strong>&nbsp;</strong></p><p><strong>*</strong>Las personas a tener en cuenta para la categorizaci&oacute;n, deber&aacute;n pertenecer a la planta permanente del Estado, y encontrarse prestando efectivo servicio en el organismo que se presenta.</p><p><strong>**&nbsp;</strong>Los postulantes ser&aacute;n divididos en 2 categor&iacute;as: Productores de Bienes y Prestadores de Servicio y de acuerdo a la cantidad de personas seg&uacute;n lo que a continuaci&oacute;n se detalla.</p><p align="center">&nbsp;</p><p align="center"><strong>Consultas e informes</strong></p><p align="center">e-mail:&nbsp;<a href="mailto:ppcchaco@gmail.com">ppcchaco@gmail.com</a></p><p align="center">Tel: +54 362 - 4456416 - Internos 7353 / 6416</p><p align="center">Marcelo T. de Alvear 145 &nbsp;6&deg; Piso - Oficina ProFyM</p>', 0, 1, '2014-06-18 00:00:00', '2014-06-26 08:53:36', '2014-06-18 12:02:19'),
(8, 6, 8, 'FIRMA DIGITAL: EL GOBIERNO COMPARTIÓ EXPERIENCIAS EN LA UNIVERSIDAD TECNOLÓGICA NACIONAL', 'FIRMA DIGITAL', '<h1>&nbsp;</h1><h2><strong>En el marco del &ldquo;I Workshop sobre Investigaci&oacute;n, Desarrollo e Innovaci&oacute;n en TICs del Mercosur&rdquo;, llevado a cabo en la Universidad Tecnol&oacute;gica Nacional, se present&oacute; desde la Subsecretar&iacute;a de Coordinaci&oacute;n y Gesti&oacute;n P&uacute;blica su experiencia en la implementaci&oacute;n de la firma digital.</strong></h2><p>&nbsp;</p><p>El evento organizado por la Secretar&iacute;a de Ciencia y Tecnolog&iacute;a de la UTN; ten&iacute;a entre sus objetivos Intercambiar experiencias relacionadas con proyectos de TICs. Los temas tratados tuvieron que ver con: Ingenier&iacute;a de Software, Sistemas Inteligentes, Comunicaciones y Seguridad Inform&aacute;tica.&nbsp;<br />El panel estuvo conformado por la Subsecretaria de Coordinaci&oacute;n y Gesti&oacute;n P&uacute;blica, Maris Telma Gam&oacute;n y representantes de la Direcci&oacute;n General de Tecnolog&iacute;as de Informaci&oacute;n; responsables de impulsar el sistema de firma digital en la provincia.<br />En esta oportunidad se comunicaron los avances logrados y los aspectos a considerar en la implementaci&oacute;n de la firma digital en la Administraci&oacute;n P&uacute;blica, la cual se lleva a cabo bajo el Plan Provincial de Gobierno Electr&oacute;nico. La funcionaria destac&oacute; la importancia de estimular proyectos orientados a la eliminaci&oacute;n del papel, simplificaci&oacute;n de tr&aacute;mites, reducci&oacute;n de plazos y costos, inmediatez en las comunicaciones, celeridad en las decisiones.<br />Asimismo, resalt&oacute; que el ciudadano tendr&aacute; la posibilidad de interactuar desde su propio domicilio y a trav&eacute;s de una ventanilla privilegiada que le permitir&aacute; conectarse con la Administraci&oacute;n P&uacute;blica, enviar documentaci&oacute;n o conocer el estado de su tr&aacute;mite. &ldquo;El objetivo es aprovechar las nuevas tecnolog&iacute;as para ganar en tiempo y recursos y alcanzar una mayor eficiencia del Estado&rdquo;, se&ntilde;al&oacute; Gam&oacute;n.<br />De esta manera, la Provincia volvi&oacute; a demostrar que es una de las referentes en la incorporaci&oacute;n del uso de las TICs, para la mejora de la calidad de los procesos del estado y el v&iacute;nculo con los ciudadanos incentivando as&iacute; la participaci&oacute;n e inclusi&oacute;n social.</p>', 0, 1, '2014-06-25 00:00:00', '2014-06-26 09:02:43', '2014-06-25 10:41:52'),
(9, 3, 9, 'AVANZA LA SEGUNDA EDICIÓN DEL PREMIO PROVINCIAL A LA CALIDAD PARA EL SECTOR PÚBLICO Y PRIVADO 2014', 'AVANZA LA SEGUNDA EDICIÓN DEL PREMIO PROVINCIAL A LA CALIDAD PARA EL SECTOR PÚBLICO Y PRIVADO 2014', '<h1>&nbsp;</h1><h2><strong>El Premio Provincial a la Calidad, instituido por Decreto 2.787/12, es un reconocimiento a organizaciones p&uacute;blicas y privadas por su desempe&ntilde;o, estimulando a organizaciones del medio a la mejora continua. La iniciativa se desarroll&oacute; por primera vez en 2013, y ubica al Chaco como la segunda provincia del pa&iacute;s en contar con una distinci&oacute;n honor&iacute;fica de ese tipo. Tiene sus antecedentes en el Premio Nacional a la Calidad y en otros premios de Latinoam&eacute;rica.</strong></h2><p>&nbsp;</p><p>La subsecretaria de Coordinaci&oacute;n y Gesti&oacute;n P&uacute;blica, Maris Telma Gam&oacute;n, destac&oacute; que &ldquo;el Premio es una herramienta que permite comprender el estado de situaci&oacute;n actual de las organizaciones que se postulen, respecto al modelo de Gesti&oacute;n de la Calidad propuesto por el Premio y a partir de all&iacute; establecer un plan de acci&oacute;n que acorte la brecha existente&rdquo;.<br />Asimismo, agreg&oacute; que la participaci&oacute;n en el Premio es el inicio de un camino que &ldquo;redundar&aacute; en beneficios para todos los trabajadores, los propietarios y en consecuencia para la sociedad en general&rdquo;.<br />La subsecretaria explic&oacute; adem&aacute;s que el modelo de Calidad propuesto por el Premio est&aacute; basado en cinco criterios de evaluaci&oacute;n que son el liderazgo, el enfoque en el destinatario de los bienes y/o servicios, el desarrollo del personal, la gesti&oacute;n de los procesos y los resultados de la gesti&oacute;n de calidad.<br />Por &uacute;ltimo, Gam&oacute;n remarc&oacute; que &ldquo;el concurso es una forma de reconocimiento a las organizaciones que trabajan en la tem&aacute;tica de la calidad y una motivaci&oacute;n a iniciar ese camino para aquellas que no lo hacen actualmente&rdquo;.<br /><br /><span style="text-decoration: underline;">Etapas del premio</span><br />La convocatoria de inscripci&oacute;n para las organizaciones finaliz&oacute; el 13 de junio y se han inscripto 12 organizaciones, 8 correspondientes al sector privado y 4 al p&uacute;blico. En lo que resta de junio y parte de julio, se estar&aacute;n recibiendo los Informes de Calidad.<br />Durante julio se realizar&aacute;n las evaluaciones individuales y luego, en agosto, el consenso del puntaje por un equipo de evaluadores asignado a cada organizaci&oacute;n.<br />Durante agosto y septiembre se realizar&aacute;n las visitas a las organizaciones a fin de cotejar lo plasmado en los informes de calidad con lo existente en la organizaci&oacute;n.<br />Con el resultante de las evaluaciones el Cuerpo de jueces del premio, determinar&aacute; los ganadores por sector (p&uacute;blico o privado) y categor&iacute;as, siendo su decisi&oacute;n inapelable. Para octubre se prev&eacute; la entrega de Premios.<br />El producto de las etapas de evaluaci&oacute;n es el Informe de Retroalimentaci&oacute;n que se visualiza como el entregable m&aacute;s importante para las organizaciones, ya que este documento les permitir&aacute; elaborar un plan de acci&oacute;n con vistas a mejorar su gesti&oacute;n actual.<br /><br /><span style="text-decoration: underline;">Curso evaluadores</span><br />El Curso Evaluadores del Premio Provincial a la Calidad &ndash; 2&ordf; edici&oacute;n-, tiene como objetivo entrenar a profesionales del medio para la conformaci&oacute;n de equipos de evaluadores del Premio 2014.<br />En una primera instancia, en el Nivel A, se capacitaron en las instalaciones del IPAP durante el 12, 13 y 14 de junio los nuevos aspirantes a evaluadores del premio. El 30 de junio y 1 de julio se realizar&aacute; el Nivel B del curso, donde participar&aacute;n adem&aacute;s de los nuevos profesionales, los evaluadores experimentados que se desempe&ntilde;aron en 2013.<br />EI Curso Nivel B tiene como objetivo integrar a los evaluadores expertos con los novatos, como as&iacute; tambi&eacute;n enfatizar y ahondar en los roles, funciones y conocimientos necesarios para la evaluaci&oacute;n.<br />El dictado de ambos cursos est&aacute; a cargo de Rodolfo Danishewsky, experto en calidad y docente de la Maestr&iacute;a en Calidad de la Facultad Regional de la Universidad Tecnol&oacute;gica Nacional (UTN).</p>', 0, 1, '2014-06-26 00:00:00', '2014-07-02 10:55:07', '2014-06-26 09:18:15'),
(10, 14, 10, 'EL IPAP FIRMÓ CON LA CÁMARA DE DIPUTADOS CONVENIOS DESTINADOS A ELEVAR LA CALIDAD DEL TRABAJO LEGISLATIVO', 'EL IPAP FIRMÓ CON LA CÁMARA DE DIPUTADOS CONVENIOS DESTINADOS A ELEVAR LA CALIDAD DEL TRABAJO LEGISLATIVO', '<h1><em><span style="font-size: 10pt; font-family: arial, helvetica, sans-serif;">El presidente de la C&aacute;mara de Diputados, Dar&iacute;o Bacileff Ivanoff y la Subsecretar&iacute;a de Coordinaci&oacute;n y Gesti&oacute;n P&uacute;blica y presidenta del Instituto Provincial de la Administraci&oacute;n P&uacute;blica (IPAP), Maris Telma Gam&oacute;n, firmaron dos convenios para la puesta en marcha de proyectos de investigaci&oacute;n destinados a mejorar la labor legislativa.</span></em></h1><p>&nbsp;</p><p><span style="font-family: arial, helvetica, sans-serif; font-size: 10pt;">La firma de convenio se llev&oacute; a cabo en la sala &ldquo;Manuel Magno L&oacute;pez&rdquo; de la Legislatura, en el marco de la convocatoria 2014 para la presentaci&oacute;n de proyectos de investigaci&oacute;n cient&iacute;fica, destinados a mejorar el funcionamiento de la administraci&oacute;n p&uacute;blica, que desde el Gobierno provincial impulsa el gobernador Juan Carlos Bacileff Ivanoff.</span><br /><br /><span style="font-family: arial, helvetica, sans-serif; font-size: 10pt;">Los proyectos de investigaci&oacute;n denominados &ldquo;El camino de la Ley: Identificaci&oacute;n del proceso de calidad en tr&aacute;mite parlamentario&rdquo; y &ldquo;Auditor&iacute;a Interna en RRHH, procesos para identificar oportunidades y sistematizar &aacute;reas cr&iacute;ticas, construyendo una matriz de riesgo institucional&rdquo;, acreditados por el IPAP N&ordm; 25/2014 con equipo de trabajo de la legislatura, son los que se llevaran adelante a partir de esta rubrica.</span><br /><br /><span style="font-family: arial, helvetica, sans-serif; font-size: 10pt;">De un total de 24 carpetas, fueron 16 las iniciativas aprobadas, dos de las cuales ser pondr&aacute;n en marcha con la presente r&uacute;brica, y se refieren a mejoras en la calidad de gesti&oacute;n, en este caso en el &aacute;mbito del Poder Legislativo. La convocatoria, a cargo del Instituto Provincial de la Administraci&oacute;n P&uacute;blica (IPAP) dependiente de la Subsecretar&iacute;a de Coordinaci&oacute;n y Gesti&oacute;n P&uacute;blica, fue dirigida a agentes p&uacute;blicos con intenci&oacute;n de resolver problemas, en base a metodolog&iacute;as de investigaci&oacute;n, en sus jurisdicciones u &oacute;rganos del Estado.</span><br /><br /><br /><br /><span style="text-decoration: underline; color: #ff0000; font-size: 10pt;"><span style="font-family: arial, helvetica, sans-serif;">Los proyectos y la r&uacute;brica</span></span><br /><br /><span style="font-family: arial, helvetica, sans-serif; font-size: 10pt;">Los proyectos de investigaci&oacute;n que ser&aacute;n puestos en marcha a partir de la presente r&uacute;brica son: &ldquo;El camino de la Ley: Identificaci&oacute;n de Procesos de Calidad en el Tr&aacute;mite Parlamentario&rdquo; y &ldquo;Auditor&iacute;a Interna en Recursos Humanos: Procesos para identificar oportunidades y sistematizar &aacute;reas cr&iacute;ticas, construyendo una matriz de riesgo institucional&rdquo;.</span><br /><br /><span style="font-family: arial, helvetica, sans-serif; font-size: 10pt;">Tras la r&uacute;brica, el presidente de la C&aacute;mara de Diputados, Dar&iacute;o Bacileff Ivanoff hizo referencia a los proyectos. &ldquo;Firmamos un convenio de colaboraci&oacute;n con el IPAP a los efectos de trabajar en conjunto con el Instituto con la Legislatura&rdquo;.</span><br /><br /><span style="font-family: arial, helvetica, sans-serif; font-size: 10pt;">&ldquo;El Legislativo, es el primer Poder que firma este convenio a los efectos de trabajar en gestionar y legislar normas y proyectos de calidad institucional dentro de los 16 que est&aacute;n presentados y aprobados dentro del concurso que se lleva a delante tenemos el orgullo y el agrado que dos de ellos sean del Poder Legislativo presentados por funcionarios y empleados de la legislatura&rdquo;, destac&oacute;.</span><br /><br /><span style="font-family: arial, helvetica, sans-serif; font-size: 10pt;">En relaci&oacute;n a los proyectos detall&oacute; que &ldquo;uno tiene que ver con el &aacute;rea legislativa y el otro con el &aacute;rea administrativa, siempre volcado y orientado hacia lo que es el trabajo hacia las normas de calidad institucional, algo que venimos trabajando desde esta Presidencia para de alguna manera realizar y llevar adelante una administraci&oacute;n correcta pero tambi&eacute;n fortalecer lo que es la instituci&oacute;n, fortaleciendo con normas de calidad&rdquo;, resalt&oacute;.</span><br /><br /><span style="font-family: arial, helvetica, sans-serif; font-size: 10pt;">Ivanoff manifest&oacute; su satisfacci&oacute;n al resaltar que &ldquo;es un orgullo celebrar este convenio con el IPAP a los efectos de seguir trabajando, para tener mejores normas de calidad y aceptar todos los proyectos que tengan ciudadanos o empleados de los distintos poderes con el objetivo de orientar la gesti&oacute;n estatal en ese sentido, para lograr la meta de mayor calidad, m&aacute;s celeridad y m&aacute;s control en los que son los trabajos propios del Estado&rdquo;, finaliz&oacute;.</span><br /><br /><br /><br /><span style="text-decoration: underline; color: #ff0000; font-size: 10pt;"><span style="font-family: arial, helvetica, sans-serif;">Mejoras de procesos en los lugares de trabajo</span></span><br /><br /><span style="font-family: arial, helvetica, sans-serif; font-size: 10pt;">Por su parte la presidenta del Instituto Provincial de Administraci&oacute;n P&uacute;blica del Chaco, Maris Telma Gam&oacute;n expres&oacute;: &ldquo;Hemos firmando con el presidente de la C&aacute;mara de Diputados dos convenios por la aplicaci&oacute;n de la convocatoria que hicimos respecto a proyectos de investigaci&oacute;n cient&iacute;fica, de los 24 postulantes que hubo se aprobaron 14 carpetas, dos de las cuales se refieren a convenios de mejora en la calidad de la gesti&oacute;n en el &aacute;mbito del Poder Legislativo, uno referido a la mejora en la proceso de sanci&oacute;n de leyes y el otro aplicando sistemas de calidad en el &aacute;rea de Recursos Humanos&rdquo;.</span><br /><br /><span style="font-family: arial, helvetica, sans-serif; font-size: 10pt;">Actualmente, &ldquo;se est&aacute; implementando, no solamente el tema de capacitaci&oacute;n a los investigadores que se est&aacute; realizando desde hace m&aacute;s de un mes, sino la firma convenio con diferentes autoridades para que ellos permitan a estos investigadores efectuar su tarea, as&iacute; como acceder a la informaci&oacute;n que requerir&aacute;n para hacer las evaluaciones cualitativas y cuantitativas y que despu&eacute;s este trabajo pueda servir a la organizaci&oacute;n para mejorar sus procesos&rdquo;, destac&oacute; Gam&oacute;n.</span><br /><br /><span style="font-family: arial, helvetica, sans-serif; font-size: 10pt;">Mediante esta r&uacute;brica los investigadores podr&aacute;n acceder a la informaci&oacute;n que requieran para desarrollar sus proyectos con el fin de aplicar mejoras en los procesos dentro de la estructura de la C&aacute;mara de Diputados&rdquo;, explic&oacute; Gam&oacute;n y a&ntilde;adi&oacute; que los investigadores contar&aacute;n con el apoyo del IPAP y la Legislatura.</span><br /><br /><span style="font-family: arial, helvetica, sans-serif; font-size: 10pt;">Las conclusiones de ambos proyectos deber&aacute;n ser expuestos en diciembre de este a&ntilde;o, con posibilidades de extender dicho plazo en caso de ser necesario. &ldquo;Se trata de empleados p&uacute;blicos que usar&aacute;n parte de su tiempo para la mejora de procesos en el lugar donde trabajan y por esa tarea el IPAP les otorgar&aacute; cr&eacute;ditos para avanzar en sus carreras&rdquo;, explic&oacute;.</span></p>', 1, 1, '2014-07-01 00:00:00', '2014-07-01 10:06:12', '2014-07-01 08:54:05');

-- --------------------------------------------------------

--
-- Estructura de tabla para la tabla `pdf`
--

CREATE TABLE IF NOT EXISTS `pdf` (
  `id` int(11) NOT NULL AUTO_INCREMENT,
  `file_path` varchar(255) COLLATE utf8_unicode_ci DEFAULT NULL,
  PRIMARY KEY (`id`)
) ENGINE=InnoDB  DEFAULT CHARSET=utf8 COLLATE=utf8_unicode_ci AUTO_INCREMENT=11 ;

--
-- Volcado de datos para la tabla `pdf`
--

INSERT INTO `pdf` (`id`, `file_path`) VALUES
(1, 'f0244e47d1aed9df65a274339dfe842974f7abbe.pdf'),
(3, NULL),
(4, NULL),
(5, NULL),
(6, NULL),
(7, NULL),
(8, NULL),
(9, NULL),
(10, NULL);

-- --------------------------------------------------------

--
-- Estructura de tabla para la tabla `seccion`
--

CREATE TABLE IF NOT EXISTS `seccion` (
  `id` int(11) NOT NULL AUTO_INCREMENT,
  `item_id` int(11) DEFAULT NULL,
  `url` varchar(255) COLLATE utf8_unicode_ci NOT NULL,
  `contenido` longtext COLLATE utf8_unicode_ci,
  `url_externa` tinyint(1) DEFAULT NULL,
  PRIMARY KEY (`id`),
  UNIQUE KEY `UNIQ_E0BD15C9F47645AE` (`url`),
  UNIQUE KEY `UNIQ_E0BD15C9126F525E` (`item_id`)
) ENGINE=InnoDB  DEFAULT CHARSET=utf8 COLLATE=utf8_unicode_ci AUTO_INCREMENT=64 ;

--
-- Volcado de datos para la tabla `seccion`
--

INSERT INTO `seccion` (`id`, `item_id`, `url`, `contenido`, `url_externa`) VALUES
(1, 1, 'menu_institucional', 'contenido', NULL),
(2, 2, 'menu_institucional_autoridades', '<p class="item-page-title">AUTORIDADES</p><p>SUBSECRETAR&Iacute;A DE COORDINACI&Oacute;N Y GESTI&Oacute;N P&Uacute;BLICA</p><p>Cra. Maris Telma Gam&oacute;n</p><p>Direcci&oacute;n: Marcelo T. de Alvear 145 - Resistencia, Chaco (Casa de Gobierno - 6&ordm; Piso)</p><p>Tel&eacute;fono: 0362-4448006 - interno 8006</p><p>Mail:&nbsp;<a href="mailto:scgp.profym@chaco.gov.ar">scgp.profym@chaco.gov.ar</a></p><p><strong>&nbsp;</strong></p><p>DIRECCION GENERAL DE MODERNIZACION</p><p>Directora General: Lic. M&oacute;nica Andrea Sandobal</p><p>Direcci&oacute;n: Marcelo T. de Alvear 145 - Resistencia, Chaco (Casa de Gobierno - 6&ordm; Piso)</p><p>Correo electr&oacute;nico:&nbsp;<a href="mailto: &lt;script type=''text/javascript''&gt; &lt;!-- var prefix = ''ma'' + ''il'' + ''to''; var path = ''hr'' + ''ef'' + ''=''; var addy95583 = ''scgp.profym'' + ''@''; addy95583 = addy95583 + ''chaco'' + ''.'' + ''gov'' + ''.'' + ''ar''; document.write(''&lt;a '' + path + ''\\'''' + prefix + '':'' + addy95583 + ''\\''&gt;''); document.write(addy95583); document.write(''&lt;\\/a&gt;''); //--&gt;\\n &lt;/script&gt;&lt;script type=''text/javascript''&gt; &lt;!-- document.write(''&lt;span style=\\''display: none;\\''&gt;''); //--&gt; &lt;/script&gt;JLIB_HTML_CLOAKING &lt;script type=''text/javascript''&gt; &lt;!-- document.write(''&lt;/''); document.write(''span&gt;''); //--&gt; &lt;/script&gt;">&nbsp;</a><a href="mailto:scgp.profym@chaco.gov.ar">scgp.profym@chaco.gov.ar</a></p><p>Tel&eacute;fono: 362-4456416 - Interno: 7353/6416</p><p>&nbsp;</p><p>DIRECCION GENERAL DE TECNOLOGIAS DE INFORMACION</p><p>Directora General: A.U.S. Clarisa Lili&aacute;n Soto</p><p>Direcci&oacute;n: Marcelo T. de Alvear 145 - Resistencia, Chaco (Casa de Gobierno - 6&ordm; Piso)</p><p>Correo electr&oacute;nico:&nbsp;<a href="mailto: &lt;script type=''text/javascript''&gt; &lt;!-- var prefix = ''ma'' + ''il'' + ''to''; var path = ''hr'' + ''ef'' + ''=''; var addy44289 = ''scgp.profym'' + ''@''; addy44289 = addy44289 + ''chaco'' + ''.'' + ''gov'' + ''.'' + ''ar''; document.write(''&lt;a '' + path + ''\\'''' + prefix + '':'' + addy44289 + ''\\''&gt;''); document.write(addy44289); document.write(''&lt;\\/a&gt;''); //--&gt;\\n &lt;/script&gt;&lt;script type=''text/javascript''&gt; &lt;!-- document.write(''&lt;span style=\\''display: none;\\''&gt;''); //--&gt; &lt;/script&gt;JLIB_HTML_CLOAKING &lt;script type=''text/javascript''&gt; &lt;!-- document.write(''&lt;/''); document.write(''span&gt;''); //--&gt; &lt;/script&gt;">&nbsp;</a><a href="mailto:scgp.profym@chaco.gov.ar">scgp.profym@chaco.gov.ar</a></p><p>Tel&eacute;fono: 362-4456416 - Interno: 7353/6416</p><p>&nbsp;</p><p>DIRECCI&Oacute;N GENERAL DE CONTRATACIONES ESTRAT&Eacute;GICAS</p><p>Cra. Mar&iacute;a Rosal&iacute;a Dimitroff</p><p>Direcci&oacute;n: Marcelo T. de Alvear 145 - Resistencia, Chaco (Casa de Gobierno - 6&ordm; Piso)</p><p>Tel&eacute;fono:&nbsp;0362-4456410 -&nbsp;interno 6410</p><p>&nbsp;</p><p>DIRECCI&Oacute;N GENERAL DE BIENES</p><p>A.U.S. Lidia Costas</p><p>Direcci&oacute;n: Marcelo T. de Alvear 145 - Resistencia, Chaco (Casa de Gobierno - 6&ordm; Piso)</p><p>Tel&eacute;fonos internos 8137 / 8837</p><p>&nbsp;</p><p>DIRECCI&Oacute;N GENERAL DE RECURSOS HUMANOS</p><p>Tca. Alicia Knauss</p><p>Direcci&oacute;n: Marcelo T. de Alvear 145 - Resistencia, Chaco (Casa de Gobierno - Planta Baja)</p><p>Tel&eacute;fono: 0362-4448047</p><p>&nbsp;</p><p>DIRECCI&Oacute;N DE COMUNICACIONES</p><p>Sr. Alberto Muller</p><p>Direcci&oacute;n: Marcelo T. de Alvear 145 - Resistencia, Chaco (Casa de Gobierno - Subsuelo)</p><p>Tel&eacute;fono: 0362-4448042 / 4456433</p><p>&nbsp;</p><p>DIRECCI&Oacute;N DE ADMINISTRACI&Oacute;N</p><p>Cr. Mauricio Miranda</p><p>Direcci&oacute;n: Marcelo T. de Alvear 145 - Resistencia, Chaco (Casa de Gobierno - 6&ordm; Piso)</p><p>Tel&eacute;fono: 0362-4448046 - interno 8046</p><p>&nbsp;</p><p>DIRECCI&Oacute;N DE ORGANIZACI&Oacute;N ADMINISTRATIVA</p><p>Prof. Orlando Godoy</p><p>Direcci&oacute;n: Marcelo T. de Alvear 145 - Resistencia, Chaco (Casa de Gobierno - 6&ordm; Piso)</p><p>Tel&eacute;fono: 0362-4448008 - internos 8008 / 8500</p><p>&nbsp;</p><p>UNIDAD DE PLANIFICACI&Oacute;N SECTORIAL</p><p>Direcci&oacute;n: Marcelo T. de Alvear 145 - Resistencia, Chaco (Casa de Gobierno - 6&ordm; Piso)</p><p>Tel&eacute;fono interno 7307</p><p>&nbsp;</p><p>UNIDAD DE AUDITORIA INTERNA</p><p>Cr. Aldo Kovalchuk</p><p>Direcci&oacute;n: Marcelo T. de Alvear 145 - Resistencia, Chaco (Casa de Gobierno - 6&ordm; Piso)</p><p>Tel&eacute;fono interno 7307</p>', NULL),
(3, 3, 'direcciones_direcci-n-general-de-bienes', NULL, 0),
(4, 4, 'http://cg.chaco.gov.ar/', NULL, 1),
(5, 5, 'menu_institucional_acerca-de-scgp', '<p><strong>ACERCA DE SCGP</strong></p><p><strong>OBJETIVOS Y FUNCIONES</strong></p><p><strong>Subsecretar&iacute;a de Coordinaci&oacute;n y Gesti&oacute;n P&uacute;blica</strong></p><ul><li>Dise&ntilde;ar, implementar y realizar el seguimiento de las pol&iacute;ticas de modernizaci&oacute;n del Estado y asistir a la Secretar&iacute;a General de la Gobernaci&oacute;n en la determinaci&oacute;n de lineamientos estrat&eacute;gicos y propuestas de normas reglamentarias en la materia.</li><li>Intervenir en el an&aacute;lisis y propuestas para el redise&ntilde;o de la macro estructura, asistiendo t&eacute;cnicamente en el proceso de elaboraci&oacute;n y aprobaci&oacute;n de las estructuras organizativas de los organismos de la Administraci&oacute;n P&uacute;blica.</li><li>Estimular la mejora continua en los procesos promoviendo la utilizaci&oacute;n de t&eacute;cnicas destinadas a la planificaci&oacute;n, medici&oacute;n y control de la gesti&oacute;n p&uacute;blica.</li><li>Promover el dise&ntilde;o, implementaci&oacute;n y monitoreo de programas de pol&iacute;ticas p&uacute;blicas que brinden servicios al ciudadano con calidad, transparencia y accesibilidad con la gesti&oacute;n de gobierno.</li><li>Supervisar el dise&ntilde;o de la estructura program&aacute;tica y del presupuesto jurisdiccional, verificando el cumplimiento de metas f&iacute;sicas y financieras de la Gobernaci&oacute;n.</li><li>Implementar la centralizaci&oacute;n de las Direcciones Generales de Administraci&oacute;n, de Contrataciones, de Gesti&oacute;n de Bienes y de Recursos Humanos, conduciendo y supervisando su funcionamiento eficiente y el cumplimiento de las metas fijadas.</li><li>Promover y conducir planes de capacitaci&oacute;n y formaci&oacute;n para los agentes&nbsp; de la Administraci&oacute;n P&uacute;blica Provincial, asegurando la capacitaci&oacute;n estrat&eacute;gica en pol&iacute;ticas de transformaci&oacute;n p&uacute;blica.</li><li>Promover la realizaci&oacute;n de estudios e investigaciones que contribuyan a la transformaci&oacute;n y sostenimiento de un estado eficiente.</li><li>Intervenir en la coordinaci&oacute;n y supervisi&oacute;n de un sistema de comunicaciones innovador, confiable y extensivo a todo el &aacute;mbito provincial.</li><li>Establecer el control interno y la producci&oacute;n de informes del estado de gesti&oacute;n de la Jurisdicci&oacute;n, conforme las pautas aprobadas por los &Oacute;rganos Rectores en la materia.</li></ul>', NULL),
(6, 6, 'direcciones_direcci-n-general-de-modernizaci-n', NULL, NULL),
(7, 7, 'direcciones_direcci-n-general-de-contrataciones-estrat-gicas', NULL, 0),
(8, 8, 'direcciones_direcci-n-de-administraci-n', NULL, 0),
(9, 9, 'menu_institucional_eventos-scgp', '<table class="category" style="margin-left: auto; margin-right: auto;" border="2"><caption>EVENTOS SUBSECRETARIA&nbsp;</caption><tbody><tr class="cat-list-row0"><td class="list-title" style="text-align: left;"><a href="http://scgp.chaco.gov.ar/scgpchaco/index.php/eventos-scgp/229-acto-de-cierre-del-ciclo-anual-de-capacitacion">ACTO DE CIERRE DEL CICLO ANUAL DE CAPACITACI&Oacute;N</a></td></tr><tr class="cat-list-row1" style="text-align: left;"><td class="list-title"><a href="http://scgp.chaco.gov.ar/scgpchaco/index.php/eventos-scgp/228-empleado-publico-2013">Ganadores Premio Empleado Publico 2013</a></td></tr><tr class="cat-list-row0" style="text-align: left;"><td class="list-title"><a href="http://scgp.chaco.gov.ar/scgpchaco/index.php/noticias-de-medios-de-prensa">Entrega de Premios</a></td></tr><tr class="cat-list-row1" style="text-align: left;"><td class="list-title"><a href="http://scgp.chaco.gov.ar/scgpchaco/index.php/eventos-scgp/226-concurso-vocales-back">CONCURSO VOCALES IPAP</a></td></tr><tr class="cat-list-row0" style="text-align: left;"><td class="list-title"><a href="http://scgp.chaco.gov.ar/scgpchaco/index.php/eventos-scgp/225-curso-virtual-servicio-atencion-ciudadano">CURSO VIRTUAL SERVICIO ATENCI&Oacute;N CIUDADANO</a></td></tr><tr class="cat-list-row1" style="text-align: left;"><td class="list-title"><a href="http://scgp.chaco.gov.ar/scgpchaco/index.php/eventos-scgp/224-premio-empleado-publico-2013">Premio Empleado P&uacute;blico 2013</a></td></tr><tr class="cat-list-row0" style="text-align: left;"><td class="list-title"><a href="http://scgp.chaco.gov.ar/scgpchaco/index.php/premio-2013/curso-evaluadores">Curso de Evaluadores del Premio Provincial a la Calidad</a></td></tr><tr class="cat-list-row1" style="text-align: left;"><td class="list-title"><a href="http://scgp.chaco.gov.ar/scgpchaco/index.php/eventos-scgp/183-premio-provincial-a-la-calidad">PREMIO PROVINCIAL A LA CALIDAD PARA EL SECTOR P&Uacute;BLICO Y PRIVADO</a></td></tr><tr class="cat-list-row0" style="text-align: left;"><td class="list-title"><a href="http://scgp.chaco.gov.ar/scgpchaco/index.php/eventos-scgp/166-agasajo-a-empleados-publicos-2012">Agasajo a Empleados P&uacute;blicos 2012</a></td></tr><tr class="cat-list-row1" style="text-align: left;"><td class="list-title"><a href="http://scgp.chaco.gov.ar/scgpchaco/index.php/eventos-scgp/151-jornada-hacia-una-gestion-publica-de-calidad">Jornada: Hacia una Gesti&oacute;n P&uacute;blica de Calidad</a></td></tr></tbody></table>', 0),
(10, 10, 'menu_institucional_videos-institucionales', '<p><span style="text-decoration: underline;"><strong>VIDEOS INSTITUCIONALES<br /></strong></span></p><p><iframe style="margin-right: auto; margin-left: auto; display: block;" src="http://www.youtube.com/embed/NKTB2htc7ig" width="600" height="415" frameborder="0" allowfullscreen="allowfullscreen"></iframe></p><p>&nbsp;</p><p>&nbsp;</p><p><iframe style="margin-right: auto; margin-left: auto; display: block;" src="http://www.youtube.com/embed/dQ19VXv72R4" width="400" height="215" frameborder="0" allowfullscreen="allowfullscreen"></iframe></p><p style="text-align: center;">&nbsp;</p><p><iframe style="margin-right: auto; margin-left: auto; display: block;" src="http://www.youtube.com/embed/bejAXwIMamw" width="400" height="215" frameborder="0" allowfullscreen="allowfullscreen"></iframe></p>', 0),
(11, 11, 'direcciones_direcci-n-de-comunicaciones', NULL, 0),
(13, 13, 'http://scgp.chaco.gov.ar/scgpchaco/index.php/premio-provincial-a-la-calidad', '<p>Premio provincial a la calidad 2014</p>', 1),
(14, 14, 'direcciones_direcci-n-general-de-tecnolog-as-de-la-informaci-n', '<p>En construcci&oacute;n</p>', 0),
(15, 15, 'direcciones_direcci-n-general-de-recursos-humanos', '<p>&nbsp;</p><p>En construcci&oacute;n</p>', 0),
(16, 16, 'http://vue.no-ip.info:1082/profym.php/login', NULL, 1),
(17, 17, 'direcciones_direcci-n-general-de-bienes_responsabilidad-primaria-y-accciones', '<p class="item-page-title"><span style="text-decoration: underline;"><strong>DIRECCION GENERAL DE GESTION DE BIENES</strong></span></p><p><strong>RESPONSABILIDAD PRIMARIA</strong></p><ul><li style="text-align: justify;">Actuar como &Oacute;rgano Rector del Sistema de Gesti&oacute;n de Bienes conforme lo previsto en el Cap&iacute;tulo VIlI, Secci&oacute;n A, art&iacute;culo 140 de la Ley N&deg; 4787 de Administraci&oacute;n Financiera del Sector P&uacute;blico de la Provincia del Chaco, para el ordenamiento y supervisi&oacute;n de los Bienes Patrimoniales del Estado.</li><li style="text-align: justify;">Aprobar las normas, sobre administraci&oacute;n, tipificaci&oacute;n, catalogaci&oacute;n, utilizaci&oacute;n, mantenimiento, custodia, enajenaci&oacute;n, permuta donaci&oacute;n, baja, valuaci&oacute;n, relevamiento, inventar&iacute;o y registraci&oacute;n contable de los bienes muebles, inmuebles, rodados y semovientes que componen el patrimonio de la Administraci&oacute;n P&uacute;blica Provincial.</li><li style="text-align: justify;">Administrar los Registros de Bienes Patrimoniales del Estado.</li></ul><p style="text-align: justify;">&nbsp;</p><p style="text-align: justify;"><strong>ACCIONES</strong></p><ul style="text-align: justify;"><li>Administra: el inventario permanente de los bienes muebles, inmuebles, rodados y semovientes del patrimonio provincial.</li><li>Realizar verificaciones parciales o totales de los estados patrimoniales de los Servicios Administrativos Financieros jurisdiccionales.</li><li>Propiciar medidas que permitan mantener actualizado el inventario, ubicaci&oacute;n, responsables y valuaci&oacute;n de los bienes del Estado.</li><li>Elaborar la reglamentaci&oacute;n de la forma y oportunidad para la realizaci&oacute;n de censos parciales o integrales.</li><li>Impartir instrucciones para las verificaciones f&iacute;sicas de los bienes muebles y semovientes, la documentaci&oacute;n de los veh&iacute;culos, su estado de regularidad y las condiciones de los inmuebles pertenecientes a la Administraci&oacute;n P&uacute;blica Provincial.</li><li>Mantener actualizado un sistema de informaci&oacute;n y gesti&oacute;n para la administraci&oacute;n, disposici&oacute;n, incorporaci&oacute;n, ampliaci&oacute;n, reparaci&oacute;n y/o baja de bienes f&iacute;sicos del Estado Provincial.</li><li>Disponer y registrar los bienes f&iacute;sicos declarados innecesarios para la gesti&oacute;n estatal mediante la transferencia, locaci&oacute;n, renta, permuta o cualquier otra forma que implique transferencia o no de dominio.</li><li>Disponer la Reglamentaci&oacute;n y procedimientos que aseguren la incorporaci&oacute;n de bienes f&iacute;sicos al patrimonio del Estado Provincial ya sea por adquisici&oacute;n, aceptaci&oacute;n de donaci&oacute;n, permutas, herencias vacantes y cualquier otro procedimiento que registre el ingreso.</li><li>Ordenar la instrucci&oacute;n de sumarios administrativos ante la comprobaci&oacute;n de irregularidades en la gesti&oacute;n de bienes, elevando al Tribunal de Cuentas las respectivas actuaciones.</li></ul><p style="text-align: justify;">&nbsp;</p>', 0),
(18, 18, 'direcciones_direcci-n-general-de-bienes_autoridades', '<p class="item-page-title"><strong><span style="text-decoration: underline;">AUTORIDADES</span></strong></p><p>Directora General: A.U.S. Lidia del Carmen Costas</p><p>Direcci&oacute;n: Marcelo T. de Alvear 145 - Resistencia, Chaco (Casa de Gobierno - 6&ordm; Piso)</p><p>Tel&eacute;fonos internos 8137 / 8837</p>', 0),
(19, 19, 'direcciones_direcci-n-general-de-bienes_direcciones-y-departamentos', NULL, 0),
(20, 20, 'direcciones_direcci-n-general-de-bienes_informes', '<h2 class="item-page-title"><span style="text-decoration: underline;">Convenio con DVP</span></h2><p>&nbsp;</p><p>Informes de los ingresos mes a mes:</p><p><a href="http://scgp.chaco.gov.ar/scgpchaco/images/Bienes/enero2011.pdf" target="_blank">Enero 2011</a></p><p><a href="http://scgp.chaco.gov.ar/scgpchaco/images/Bienes/febrero%202011.pdf" target="_blank">Febrero 2011</a></p><p><a href="http://scgp.chaco.gov.ar/scgpchaco/images/Bienes/marzo%202011.pdf" target="_blank">Marzo 2011</a></p><p><a href="http://scgp.chaco.gov.ar/scgpchaco/images/Bienes/abril%202011.pdf" target="_blank">Abril 2011</a></p><p><a href="http://scgp.chaco.gov.ar/scgpchaco/images/Bienes/mayo%202011.pdf" target="_blank">Mayo 2011</a></p><p><a href="http://scgp.chaco.gov.ar/scgpchaco/images/Bienes/junio%202011.pdf" target="_blank">Junio 2011</a></p><p><a href="http://scgp.chaco.gov.ar/scgpchaco/images/Bienes/julio%202011.pdf" target="_blank">Julio 2011</a></p><p><a href="http://scgp.chaco.gov.ar/scgpchaco/images/Bienes/agosto%202011.pdf" target="_blank">Agosto 2011</a></p><p><a href="http://scgp.chaco.gov.ar/scgpchaco/images/Bienes/septiembre2011.pdf" target="_blank">Septiembre 2011</a></p><p><a href="http://scgp.chaco.gov.ar/scgpchaco/images/Bienes/ingresos/ingresos%20octubre%20ao%202011.pdf" target="_blank">Octubre 2011</a></p><p><a href="http://scgp.chaco.gov.ar/scgpchaco/images/Bienes/ingresos/ingresos%20noviembre%20ao%202011.pdf" target="_blank">Noviembre 2011</a></p><p><a href="http://scgp.chaco.gov.ar/scgpchaco/images/Bienes/ingresos/ingresos%20diciembre.pdf" target="_blank">Diciembre 2011</a></p><p><a href="http://scgp.chaco.gov.ar/scgpchaco/images/Bienes/ingresos/vehiculos%20ingresados.pdf" target="_blank">Gr&aacute;fico de ingresos correspondiente al a&ntilde;o 2011</a></p><p><a href="http://scgp.chaco.gov.ar/scgpchaco/images/Bienes/ingresos/informe%20para%20pagina%20web%20enero%202012.pdf" target="_blank">Enero 2012</a></p><p><a href="http://scgp.chaco.gov.ar/scgpchaco/images/Bienes/feb-12.pdf" target="_blank">Febrero 2012</a></p><p><a href="http://scgp.chaco.gov.ar/scgpchaco/images/Bienes/mar-12.pdf" target="_blank">Marzo 2012</a></p><p><a href="http://scgp.chaco.gov.ar/scgpchaco/images/Bienes/abr-12.pdf" target="_blank">Abril 2012</a></p><p><a href="http://scgp.chaco.gov.ar/scgpchaco/images/Bienes/may-12.pdf" target="_blank">Mayo 2012</a></p>', 0),
(21, 21, 'menu_direcci-n-general-de-bienes_formularios', '<h2 class="item-page-title"><span style="text-decoration: underline;">Convenio con la Direcci&oacute;n de Vialidad Provincial</span></h2><p>A trav&eacute;s del Convenio firmado por el Gobierno de la Provincia del Chaco y la Direcci&oacute;n de Vialidad Provincial, ratificado por Decreto 1549/10, se propicia la realizaci&oacute;n los siguientes servicios:</p><ul><li>Servicio electromec&aacute;nico.-</li><li>Constataci&oacute;n y Estado General de Circulaci&oacute;n.-</li><li>Capacitaci&oacute;n en Seguridad Vial para choferes de la Administraci&oacute;n P&uacute;blica.-</li></ul><p>&nbsp;</p><p>Todo el procedimiento se documenta en los siguientes formularios:</p><p>F01DGGB &ndash; DATOS DE INGRESO: aqu&iacute; se documentan todas las especificaciones t&eacute;cnicas y documentales del vehiculo y del chofer.- El mismo debe ser rellenado por el encargado de movilidad del area respectiva.</p><p>F02DGGB - SERVICIO ELECTROMECANICO BASICO: Aqu&iacute; se documentan todas las acciones de mantenimiento.- El mismo debe ser rellenado por DVP.-</p><p>F03DGGB - FICHA DE CONSTATACI&Oacute;N Y ESTADO GENERAL DE CIRCULACI&Oacute;N: Aqu&iacute; se documenta el estado general en que se encuentra el vehiculo,&nbsp;accesorios y elementos de seguridad obligatorios,&nbsp;al momento de ingresar en el&nbsp;taller de DVP.- El mismo deb ser rrellenado por DVP.-&nbsp;</p><p><a href="http://scgp.chaco.gov.ar/scgpchaco/images/Bienes/formulario_nuevo_convenio_decreto_vialidad_aprobado_por_disposicion.pdf" target="_blank">DESCARGAR FORMULARIOS</a>&nbsp;</p>', 0),
(22, 22, 'direcciones_direccion-de-organizacion-administrativa', NULL, 0),
(23, 23, 'direcciones_unidad-de-auditor-a-interna', NULL, 0),
(24, 24, 'direcciones_unidad-de-planificaci-n-sectorial', NULL, 0),
(25, 25, 'direcciones_direcci-n-general-de-modernizaci-n_responsabilidad-primaria-y-accciones', '<p class="item-page-title">&nbsp;</p><p class="item-page-title"><span style="text-decoration: underline;"><strong>DIRECCION GENERAL DE MODERNIZACION</strong></span></p><p class="Cuerpodeltexto30"><strong>Responsabilidad Primaria:</strong></p><ul><li class="Cuerpodeltexto0"><p>Actuar como &oacute;rgano rector en materia de modernizaci&oacute;n en el &aacute;mbito de la Administraci&oacute;n P&uacute;blica Provincial del Poder Ejecutivo, asistiendo a la Subsecretar&iacute;a en la formulaci&oacute;n de pol&iacute;ticas de modernizaci&oacute;n del Estado.</p></li><li class="Cuerpodeltexto0"><p>Modernizar y fortalecer a las jurisdicciones aciministrativas coordinando acciones orientadas a la asistencia t&eacute;cnica, definici&oacute;n e implementaci&oacute;n de planes estrat&eacute;gicos y proyectos en materia de innovaci&oacute;n, planificaci&oacute;n orgariizacional y empleo p&uacute;blico de la Administraci&oacute;n P&uacute;blica Provincial.</p></li></ul><p class="Cuerpodeltexto30"><strong>Acciones:</strong></p><ol><li><p>Participar en e! desarrolla de una pol&iacute;tica de gesti&oacute;n de la calidad en el sector p&uacute;blico y priv ado.</p></li><li><p>Proponer y coordinar&nbsp;la planificaci&oacute;n organizacionai del Estado, propendiendo a la eficiencia de la gesti&oacute;n p&uacute;blica.</p></li><li><p>Promover el establecimiento de hormas de empleo p&uacute;blico acordes a la pol&iacute;tica de modernizaci&oacute;n vigente.</p></li><li><p>Asegurar la adecuaci&oacute;n de los edificios p&uacute;blicos considerando accesibilidad, optimizaci&oacute;n de espacios y oficinas abiertas, aplicando normas de higiene y seguridad.</p></li><li><p>Coordinar acciones con la Direcci&oacute;n General de Tecnolog&iacute;as de informaci&oacute;n a fin de incorporar las TIC a los procesos claves de la gesti&oacute;n gubernamental.</p></li><li><p>Generar espacios de participaci&oacute;n, estableciendo redes de trabajo a fin de impulsar el desarrollo de proyectos que garanticen la modernizaci&oacute;n del Estado Provincial</p></li></ol>', 0),
(26, 26, 'menu_direcci-n-general-de-modernizaci-n_autoridades', '<p class="item-page-title"><span style="text-decoration: underline;"><strong>AUTORIDADES</strong></span></p><p>Directora General: Lic. M&oacute;nica Andrea Sandobal</p><p>Direcci&oacute;n: Marcelo T. de Alvear 145 - Resistencia, Chaco (Casa de Gobierno - 6&ordm; Piso)</p><p>Correo electr&oacute;nico:&nbsp;<a href="mailto: &lt;script type=''text/javascript''&gt; &lt;!-- var prefix = ''ma'' + ''il'' + ''to''; var path = ''hr'' + ''ef'' + ''=''; var addy96408 = ''scgp.profym'' + ''@''; addy96408 = addy96408 + ''chaco'' + ''.'' + ''gov'' + ''.'' + ''ar''; document.write(''&lt;a '' + path + ''\\'''' + prefix + '':'' + addy96408 + ''\\''&gt;''); document.write(addy96408); document.write(''&lt;\\/a&gt;''); //--&gt;\\n &lt;/script&gt;&lt;script type=''text/javascript''&gt; &lt;!-- document.write(''&lt;span style=\\''display: none;\\''&gt;''); //--&gt; &lt;/script&gt;JLIB_HTML_CLOAKING &lt;script type=''text/javascript''&gt; &lt;!-- document.write(''&lt;/''); document.write(''span&gt;''); //--&gt; &lt;/script&gt;">&nbsp;</a><a href="mailto:scgp.profym@chaco.gov.ar">scgp.profym@chaco.gov.ar</a></p><p>Tel&eacute;fono: 362-4456416 - Interno: 7353/6416</p>', 0),
(27, 27, 'http://cpc.chaco.gov.ar/', NULL, 1),
(28, 28, 'http://back.gonzaloalonso.com.ar/seccion/direcciones_unidad-de-planificaci-n-sectorial_responsabilidad-primaria-y-accciones', '<div class="item-page"><p><a href="http://scgp.chaco.gov.ar/scgpchaco/images/PROFyM/ProyectosdeModernizacion/ley6711-2010.pdf" target="_blank">Ley Provincial N&ordm; 6711</a>:<a href="http://scgp.chaco.gov.ar/scgpchaco/images/PROFyM/ProyectosdeModernizacion/ley%206711%20firma%20digital%20chaco.jpg">&nbsp;</a>La firma digital es una soluci&oacute;n tecnol&oacute;gica que permite autenticar el origen y verificar la integridad del contenido de un mensaje, de manera tal que ambas caracter&iacute;sticas sean demostrables ante terceros.</p><p align="JUSTIFY">la Ley Nacional de Firma Digital y en igual sentido la sanci&oacute;n de la Ley Provincial, en adhesi&oacute;n a la primera, representan un avance significativo para la inserci&oacute;n de la Provincia del Chaco en la sociedad de la informaci&oacute;n y en la econom&iacute;a digital, brindando una oportunidad para el desarrollo del sector productivo vinculado a las nuevas tecnolog&iacute;as. Con dicha sanci&oacute;n se reconoce el empleo de la firma digital y de la firma electr&oacute;nica y su eficacia jur&iacute;dica bajo estrictas condiciones de seguridad inform&aacute;tica, de manera tal que el documento digital firmado por medios electr&oacute;nicos cuente con las mismas caracter&iacute;sticas legales y de seguridad que tiene un documento firmado hol&oacute;grafamente.</p><p align="JUSTIFY">&nbsp;</p><p align="JUSTIFY"><a href="http://scgp.chaco.gov.ar/scgpchaco/images/PROFyM/ProyectosdeModernizacion/decreton99-2011.pdf" target="_blank">Decreto N&ordm;99/2011 (Reglamentaci&oacute;n de la Ley Provincial N&ordm;6711)</a></p><p align="JUSTIFY">&nbsp;</p><h2 align="JUSTIFY">Gu&iacute;a paso a paso</h2><ul><li><a href="http://scgp.chaco.gov.ar/scgpchaco/images/PROFyM/FirmaDigital/guia%20paso%20a%20paso%20con%20links%20propios%20final.pdf" target="_blank">Gu&iacute;a</a></li></ul><h2>Formularios</h2><ul><li><a href="http://scgp.chaco.gov.ar/scgpchaco/images/PROFyM/FirmaDigital/certificacin%20de%20funciones.pdf" target="_blank">Certificaci&oacute;n de Funciones</a></li><li><a href="http://scgp.chaco.gov.ar/scgpchaco/images/PROFyM/FirmaDigital/certificacin%20de%20servicios.pdf" target="_blank">Certificaci&oacute;n de Servicios</a></li></ul><h2>&nbsp;</h2><h2>Instructivos</h2><ul><li><a href="http://scgp.chaco.gov.ar/scgpchaco/images/PROFyM/FirmaDigital/instalacion%20y%20configuracin%20e-token.pdf" target="_blank">Instalaci&oacute;n y configuraci&oacute;n de e-token</a></li><li><a href="http://scgp.chaco.gov.ar/scgpchaco/images/PROFyM/FirmaDigital/instructivo_para_instalacion_de_cryptoactivex.pdf" target="_blank">Instructivo para instalaci&oacute;n de CryptoActiveX</a></li><li><a href="http://scgp.chaco.gov.ar/scgpchaco/images/PROFyM/FirmaDigital/tutorial_de_instalacion_de_ac.pdf" target="_blank">Tutorial de instalaci&oacute;n del certificado de la AC Raiz de la Rep&uacute;blica Argentina</a></li></ul><p>&nbsp;</p><h2>Solicitud de Certificado de Firma digital:</h2><p>pinchar el banner que se encuentra debajo</p><p><a href="https://pki.jgm.gov.ar/app/Signature/Request/CertificateRequestDefinition.aspx" target="_blank"><img src="http://scgp.chaco.gov.ar/scgpchaco/images/PROFyM/FirmaDigital/solicitudcertificado.jpg" alt="solicitudcertificado" width="250" height="100" /></a></p></div>', 1),
(29, 29, 'direcciones_direcci-n-general-de-tecnolog-as-de-la-informaci-n_responsabilidad-primaria-y-accciones', '<p><strong><span style="text-decoration: underline;">DIRECCION GENERAL DE TECNOLOGIAS DE INFORMACION</span></strong></p><p class="Cuerpodeltexto40"><strong>Responsabilidad Primaria:</strong></p><p class="Cuerpodeltexto0">Actuar, como &oacute;rgano rector en materia de sistemas y tecnolog&iacute;as de informaci&oacute;n y comunicaci&oacute;n en el &aacute;mbito de la Administraci&oacute;n P&uacute;blica Provincial del Poder Ejecutivo. Asistir a la Subsecretar&iacute;a de Coordinaci&oacute;n y Gosii&oacute;n P&uacute;blica en la formulaci&oacute;n de pol&iacute;ticas de desarrollo e incorporaci&oacute;n de sistemas y tecnolog&iacute;as de informaci&oacute;n y comunicaci&oacute;n.</p><p class="Cuerpodeltexto40"><strong>Acciones:</strong></p><ol><li>Promover la imple-mentaci&oacute;n c&iacute;e las Tecnolog&iacute;as de Informaci&oacute;n y Comunicaci&oacute;n en los procesos, procedimientos y servicios que brinda la Administraci&oacute;n P&uacute;blica Provincial (APP).</li><li>Proponer y ejecutar&nbsp;un Plan de Gobierno Electr&oacute;nico.</li><li>Promover &iexcl;a utilizaci&oacute;n de Firma Digital en los diferentes procesos gubernamentales.</li><li>Proponer los Est&aacute;ndares Tecnol&oacute;gicos para la Administraci&oacute;n P&uacute;blica Provincial (ETAPP) con el objetivo de homogeneizar la adquisici&oacute;n o desarrollo de sistemas y tecnolog&iacute;as de informaci&oacute;n.</li><li>Aprobar las normas de seguridad de infraestructura y sistemas de informaci&oacute;n.</li><li>Promover el desarrollo de proyectos de soluciones tecnol&oacute;gicas que permitan mejorar la atenci&oacute;n al ciudadano y que promuevan su participaci&oacute;n.</li><li>Impulsar una cultura tecnol&oacute;gica en el sector p&uacute;blico y en la sociedad en general.</li><li>Administrar un registro de aplicaciones inform&aacute;ticas y bases de datos existentes en el &aacute;mbito de la Administraci&oacute;n P&uacute;blica Provincial.</li><li>Coordinar acciones referidas a la optimizaci&oacute;n en el uso de la infraestructura de telecomunicaciones de la APP.</li><li>Intervenir en los proyectos de Sistemas y Tecnolog&iacute;as de Informaci&oacute;n par&aacute; la implementaci&oacute;n de soluciones inform&aacute;ticas.</li></ol>', 0),
(30, 30, 'direcciones_direcci-n-general-de-tecnolog-as-de-la-informaci-n_autoridades', '<p><strong><span style="text-decoration: underline;">AUTORIDADES</span></strong></p><p>Directora General: A.U.S. Clarisa Lili&aacute;n Soto</p><p>Direcci&oacute;n: Marcelo T. de Alvear 145 - Resistencia, Chaco (Casa de Gobierno - 6&ordm; Piso)</p><p>Correo electr&oacute;nico:&nbsp;<a href="mailto: &lt;script type=''text/javascript''&gt; &lt;!-- var prefix = ''ma'' + ''il'' + ''to''; var path = ''hr'' + ''ef'' + ''=''; var addy22912 = ''scgp.profym'' + ''@''; addy22912 = addy22912 + ''chaco'' + ''.'' + ''gov'' + ''.'' + ''ar''; document.write(''&lt;a '' + path + ''\\'''' + prefix + '':'' + addy22912 + ''\\''&gt;''); document.write(addy22912); document.write(''&lt;\\/a&gt;''); //--&gt;\\n &lt;/script&gt;&lt;script type=''text/javascript''&gt; &lt;!-- document.write(''&lt;span style=\\''display: none;\\''&gt;''); //--&gt; &lt;/script&gt;JLIB_HTML_CLOAKING &lt;script type=''text/javascript''&gt; &lt;!-- document.write(''&lt;/''); document.write(''span&gt;''); //--&gt; &lt;/script&gt;">&nbsp;</a><a href="mailto:scgp.profym@chaco.gov.ar">scgp.profym@chaco.gov.ar</a></p><p>Tel&eacute;fono: 362-4456416 - Interno: 7353/6416</p>', 0),
(31, 31, 'direcciones_direcci-n-general-de-contrataciones-estrat-gicas_responsabilidad-primaria-y-accciones', '<p><span style="text-decoration: underline;"><strong>DIRECCION GENERAL DE CONTRATACIONES ESTRAT&Eacute;GICAS Y/O INTERJURISDICCIONALES</strong></span></p><p><strong>RESPONSABILIDAD PRIMARIA:</strong></p><ul><li>Gestionar las compras y contrataciones para aquellas adquisiciones que revistan el car&aacute;cter de estrat&eacute;gico y/o interjurisdiccional, efectuando los procedimientos necesarios para su cumplimiento y asegurando la optimizaci&oacute;n en el uso de sus recursos, transparencia y la satisfacci&oacute;n de las necesidades de la jurisdicci&oacute;n.</li></ul><p><strong>ACCIONES:</strong></p><ol><li>Registrar el Plan Anual de Contrataciones y elaborar el plan de ejecuci&oacute;n para aquellas adquisiciones que revistan el car&aacute;cter estrat&eacute;gico y/o interjurisdiccional asignado por la UOSAC.</li><li>Realizar el an&aacute;lisis, fiscalizaci&oacute;n y registro del movimiento mensual del estado de ejecuci&oacute;n del Plan Anual de Contrataciones a su cargo, con el fin de detectar desv&iacute;os de las asignaciones originales y/o la necesidad de producir modificaciones, relacionando estas acciones con la planificaci&oacute;n, presupuestaci&oacute;n y control de ejecuci&oacute;n de las metas f&iacute;sicas.</li><li>Participar en la elaboraci&oacute;n del Plan Anual de Contrataciones Estrat&eacute;gicas y/o Interjurisdiccionales, prestando apoyo administrativo a las comisiones Evaluadora y de Recepci&oacute;n de Bienes.</li><li>Establecer la urgencia, necesidad u oportunidad de realizar contrataciones no previstas en el Plan Anual de Contrataciones.</li><li>Supervisar los procesos de adquisici&oacute;n de los bienes y servicios.</li></ol>', 0),
(36, 36, 'direcciones_direcci-n-general-de-contrataciones-estrat-gicas_autoridades', '<p><span style="text-decoration: underline;"><strong>AUTORIDADES</strong></span></p><p>Cra. Mar&iacute;a Rosal&iacute;a Dimitroff</p><p>Direcci&oacute;n: Marcelo T. de Alvear 145 - Resistencia, Chaco (Casa de Gobierno - 6&ordm; Piso)</p><p>Tel&eacute;fono:&nbsp;03722-456410 -&nbsp;interno 6410</p>', 0),
(37, 37, 'direcciones_direcci-n-general-de-contrataciones-estrat-gicas_direcciones-y-departamentos', '<p><span style="text-decoration: underline;"><strong>DIRECCION DE COMPRAS<br /></strong></span></p><p class="Cuerpodeltexto40"><strong>ACCIONES:</strong></p><ul><li>Verificar los procesos de adquisici&oacute;n de bienes y servicios de conformidad a los procedimientos relativos a las contrataciones.</li><li>Controlar que se real&iacute;ce la rotaci&oacute;n adecuada de invitaciones a los proveedores.</li><li>Supervisar que los expedientes de compras recibidos cumplan con todos los requisitos legales.</li><li>Asesorar a los departamentos bajo su dependencia de las leyes, decretos, reglamentaciones y procedimientos rel&aacute;tivos a las contrataciones.</li><li>Controlar que los proyectos de acto administrativo, de autorizaci&oacute;n y de adjudicaci&oacute;n, cumplan con los requisitos legales y elevarlas al nivel correspondiente.</li><li>Recepcionar las ofertas, y resguardarlas hasta el momento de la apertura de sobres.</li><li>Recibir las garant&iacute;as de oferta para su resguardo.</li></ul><p>&nbsp;</p><p><strong><span style="text-decoration: underline;"><span lang="ES">DIRECCI&Oacute;N DE RECEPCI&Oacute;N, DISTRIBUCI&Oacute;N Y ALMAC&Eacute;N DE BIENES</span></span></strong></p><p><strong>ACCIONES:</strong></p><ul><li>Supervisar la recepci&oacute;n de los bienes, verificando que se correspondan con las descripciones detalladas en la orden de compra.&nbsp;</li><li>Controlar todas las registraciones de acuerdo con las disposiciones emanadas de la UOSAC y de la Direcci&oacute;n General de Contrataciones Estrat&eacute;gicas y/o Interjur&iacute;sdiccionales o seg&uacute;n los procedimientos aprobados al efecto.&nbsp;</li><li>Determinar la necesidad de efectuar controles o pruebas que aseguren el cumplimiento de las especificaciones t&eacute;cnicas de los bienes solicitados, y asegurar que las mismas se realicen, pudiendo para ello solicitar el apoyo y dictamen de otras &aacute;reas del Poder Ejecutivo, o terceros capacitados.&nbsp;</li><li>Controlar que los bienes recepcionados se mantengan en buen estado y resguardados.&nbsp;</li><li>Controlar peri&oacute;dicamente el stock permanente. Realizar auditorias a las jurisdicciones para corroborar el real ingreso de las mercaderias.</li></ul><p>&nbsp;</p><p>&nbsp;</p><p><strong><span style="text-decoration: underline;"><span lang="ES">DEPARTAMENTO ADMINISTRATIVO</span></span></strong></p><p class="Cuerpodeltexto40"><strong>ACCIONES:</strong></p><ul><li>Efectuar los tr&aacute;mites y procedimientos administrativos indispensables para el funcionamiento de la Direcci&oacute;n General.</li><li>Verificar que las solicitudes de compra ingresadas re&uacute;nan las condiciones formales para ser tramitadas.</li><li>Coordinar las acciones para la solicitud, adquisici&oacute;n y recepci&oacute;n de los insumos y bienes necesarios para el funcionamiento de la Direcci&oacute;n General.</li><li>Asegurar el buen uso y conservaci&oacute;n de los bienes patrimoniales de la Direcci&oacute;n efectuando los tr&aacute;mites administrativos preestablecidos.</li><li>Recibir, despachar y resguardar toda la documentaci&oacute;n entrante o saliente.</li><li>Llevar el despacho de la Direcci&oacute;n General, efectuando el seguimiento de sus tr&aacute;mites administrativos. Efectuar el registro y/o protocolizaci&oacute;n de los actos administrativos que se dicten en la Direcci&oacute;n General y su correspondiente clasificaci&oacute;n y archivo.</li></ul>', 0),
(38, 38, 'direcciones_direcci-n-general-de-contrataciones-estrat-gicas_normativa', '<p><span style="text-decoration: underline;"><strong>NORMATIVAS</strong></span></p><p><strong>Normativas por las que se rige la Direcci&oacute;n General de Contrataciones</strong></p><p><a href="http://scgp.chaco.gov.ar/scgpchaco/images/Contrataciones/Normativa/ley4787.pdf" target="_blank">Ley N&ordm; 4787 - Administraci&oacute;n Financiera</a></p><p><a href="http://scgp.chaco.gov.ar/scgpchaco/images/Contrataciones/Normativa/d.3566.pdf" target="_blank">Decreto N&ordm; 3566/77 - R&eacute;gimen de Contrataciones</a>&nbsp;</p><p><a href="http://scgp.chaco.gov.ar/scgpchaco/images/Contrataciones/Normativa/2075490181.pdf-.pdf" target="_blank">Decreto N&ordm; 393/09 - Servicio Administrativo Financiero Unico (SAFU)</a></p><p><a href="http://scgp.chaco.gov.ar/scgpchaco/images/Contrataciones/Normativa/ley%204713.pdf" target="_blank">Ley 4713 - "Compre chaque&ntilde;o"</a></p><p><a href="http://scgp.chaco.gov.ar/scgpchaco/images/Contrataciones/Normativa/d.1090-00.pdf" target="_blank">Decreto N&ordm; 1090/00 - Implementaci&oacute;n del Sistema de Compras y Contrataciones del Estado Provincial.</a></p><p><a href="http://scgp.chaco.gov.ar/scgpchaco/images/Contrataciones/Normativa/d.1038-00.pdf" target="_blank">Decreto N&ordm; 1038/00 - Publicidad por Internet</a></p><p><a href="http://scgp.chaco.gov.ar/scgpchaco/images/Contrataciones/Normativa/decreto%202195.pdf" target="_blank">Decreto N&ordm; 2195/01 - Plazos reducidos.</a></p><p><a href="http://scgp.chaco.gov.ar/scgpchaco/images/Contrataciones/Normativa/300805030.pdf" target="_blank">Decreto N&ordm; 1524/12 - Montos de contrataciones</a>&nbsp;****<a href="http://scgp.chaco.gov.ar/scgpchaco/images/Administracion/compras.xls" target="_blank">Se adjunta cuadro</a></p>', 0),
(39, 39, 'direcciones_direcci-n-general-de-contrataciones-estrat-gicas_formularios', '<p><span style="text-decoration: underline;"><strong>INSTRUCCIONES PARA UTILIZACI&Oacute;N FORMULARIO 01</strong></span></p><p>Ser&aacute; completado por las oficinas al momento de efectuar alg&uacute;n requerimiento de bienes o servicios reemplazando las notas que habitualmente se&nbsp; utilizan.</p><p>Los campos a completar son:</p><ul><li>Denominaci&oacute;n Oficina: Indicar la denominaci&oacute;n de la oficina, con nivel no inferior a departamento.</li><li>Jurisdicci&oacute;n: Indicar la denominaci&oacute;n y n&uacute;mero de la jurisdicci&oacute;n a la que pertenece la oficina solicitante.</li><li>Cantidad: Indicar&nbsp; la cantidad solicitada.</li><li>Descripci&oacute;n: Indicar&nbsp; el detalle de los bienes o servicios solicitados. Se debe describir con la mayor exactitud posible, especificando todas las caracter&iacute;sticas necesarias que permitan la adquisici&oacute;n del bien o servicio que satisfaga la necesidad.</li><li>Precio: Indicar tanto el precio unitario como el total. El mismo debe surgir de los precios reales de mercado al momento de efectuar la solicitud, adjunt&aacute;ndose una proforma.</li><li>Observaciones/Fundamentaciones: Se podr&aacute; incluir en este campo toda la informaci&oacute;n necesaria que justifica su adquisici&oacute;n y permita concluir con el tr&aacute;mite en tiempo y forma.</li><li>Aval T&eacute;cnico: Cuando se trate de contrataciones que para su justificaci&oacute;n se requieran conocimientos t&eacute;cnicos se deber&aacute; incluir aqu&iacute; el aval de personal facultado al efecto.</li><li>Responsable oficina: Firma y aclaraci&oacute;n o sello del responsable de la oficina solicitante.</li><li>Jefe de Programa: Firma y aclaraci&oacute;n o sello del responsable del programa.</li></ul><p><a title="Formulario 02" href="http://portal1.chaco.gov.ar/uploads/contenidos/e27f09bee8ef2ef1967b6d031f35753f64d64848.pdf" target="_blank">Descargar Formulario</a></p><p>&nbsp;</p><p><span style="text-decoration: underline;">INSTRUCCIONES PARA UTILIZACI&Oacute;N FORMULARIO 02</span></p><p>Ser&aacute; completado por la Direcci&oacute;n de Administraci&oacute;n de cada jurisdicci&oacute;n al momento de enviar la solicitud a la Direcci&oacute;n General de Contrataciones.<br />Cuando la solicitud sea confeccionada para distintas actividades espec&iacute;ficas, proyecto, o programa, de la estructura program&aacute;tica, el criterio para completar el formulario de solicitud es ordenar la carga por art&iacute;culo.</p><p>Se debe tener en cuenta que cuando existan pedidos de distintas oficinas que traten de bienes o servicios que satisfagan la misma necesidad se deber&aacute; unificar el art&iacute;culo a solicitar a efectos de evitar el desdoblamiento de las compras.</p><p>&nbsp;</p><ul><li>Jurisdicci&oacute;n: Indicar la denominaci&oacute;n y n&uacute;mero de la jurisdicci&oacute;n a la que pertenece la oficina solicitante.</li><li>Domicilio de Entrega: Se deber&aacute; indicar el domicilio exacto del lugar de recepci&oacute;n de los bienes o servicios a adquirir.</li><li>Estructura Program&aacute;tica: Se deber&aacute; indicar la fuente de financiamiento, programa, subprograma, proyecto, obra, y actividad espec&iacute;fica.</li><li>C&oacute;digo: Especificar el n&ordm; del rubro y n&ordm; de art&iacute;culo del bien o servicio a contratar los que se obtendr&aacute;n de la base de bienes del sistema inform&aacute;tico de contrataciones.</li><li>PAC (Plan Anual de Compras): Se deber&aacute; indicar con una cruz de estar previsto ese bien o servicio en el plan anual de compras.</li><li>Part.(Partida presupuestaria): Se deber&aacute; indicar la partida que corresponde seg&uacute;n el presupuesto.</li><li>Cant.: Indicar la cantidad solicitada.</li><li>Tot.Q: Indicar el total en cantidad por cada art&iacute;culo a adquirir.</li><li>Descripci&oacute;n: Indicar el detalle de los bienes o servicios solicitados. Se debe describir utilizando la misma descripci&oacute;n que figura en la base de bienes del sistema inform&aacute;tico de contrataciones.</li><li>Precio: Indicar tanto el precio unitario como el total. El mismo debe surgir de los precios reales de mercado al momento de efectuar la solicitud, adjunt&aacute;ndose una proforma.</li><li>Observaciones/Fundamentaciones: Se podr&aacute; incluir en este campo toda la informaci&oacute;n necesaria que justifica su adquisici&oacute;n y permita concluir con el tr&aacute;mite en tiempo y forma.</li><li>Responsable compras: Firma y aclaraci&oacute;n o sello del responsable de la oficina encargada de operar el sistema.</li><li>Responsable Direcci&oacute;n de Administraci&oacute;n: Firma y aclaraci&oacute;n o sello del responsable de la oficina</li><li>Autoridad Competente: Firma y aclaraci&oacute;n o sello del responsable asignado por la m&aacute;xima autoridad de la jurisdicci&oacute;n para autorizar el inicio del tr&aacute;mite de compras.</li></ul><p>&nbsp;</p><p><a href="http://portal1.chaco.gov.ar/uploads/contenidos/eeb4d98fbe7b99177fa6d0e64e35b3cbc48db2b0.pdf">Descargar Formulario</a></p><p>&nbsp;</p>', 0),
(40, 40, 'direcciones_direcci-n-general-de-contrataciones-estrat-gicas_compras-y-contrataciones', '<p><strong><span style="text-decoration: underline;">COMPRAS Y CONTRATACIONES</span></strong></p><ul><li><a title="Contrataciones Estrat&eacute;gicas" href="http://www.ecomchaco.com.ar/licitaciones/licitaciones.asp?ministerio=91&amp;tipo=%27Licitaci%F3n+P%FAblica%27" target="_parent">Contrataciones Estrat&eacute;gicas</a></li><li><a title="Gobernaci&oacute;n" href="http://www.ecomchaco.com.ar/licitaciones/licitaciones.asp?ministerio=2&amp;tipo=%27Licitaci%F3n+P%FAblica%27" target="_parent">Gobernaci&oacute;n</a></li><li><a title="Fiscal&iacute;a de Estado" href="http://www.ecomchaco.com.ar/licitaciones/licitaciones.asp?ministerio=18&amp;tipo=%27Licitaci%F3n+P%FAblica%27" target="_parent">Fiscal&iacute;a de Estado</a></li></ul>', 0),
(41, 41, 'direcciones_direcci-n-de-administraci-n_responsabilidad-primaria-y-accciones', '<p><span style="text-decoration: underline;"><strong>DIRECCION DE ADMINISTRACION</strong></span></p><p><strong>RESPONSABILIDAD PRIMARIA:</strong></p><p>Ejercer las funciones administrativo-contables, en el maro de la Ley N&ordm; 4787 de Administraci&oacute;n Financiera, referidas a los aspectos presupuestario, financieros, patrimonial y de rendici&oacute;n de cuentas, para el cumplimiento de los planes y programas establecidos para la Jurisdicci&oacute;n.</p><p><strong>ACCIONES:</strong></p><ul><li>Participar con la Unidad de Planificaci&oacute;n Sectorial en la confecci&oacute;n del proyecto de presupuesto de erogaciones y c&aacute;lculo de recursos, coordinando su elaboraci&oacute;n con todas las &aacute;reas de la jurisdicci&oacute;n y controlar su ejecuci&oacute;n.</li><li>Supervisar la registraci&oacute;n contable, haciendo observar las normas espec&iacute;ficas sobre los aspectos de movimiento de fondos, presupuestario, sub-responsable y patrimonial.</li><li>Administrar les movimientos de fondos, efectuando el requerimiento oportuno de provisi&oacute;n de los mismos a la Tesorer&iacute;a General de la Provincia.</li><li>Informar a la superioridad, y coordinar con la Unidad de Planificaci&oacute;n Sectorial, sobre la necesidad de transferencias y/o refuerzos de cr&eacute;ditos del presupuesto general y fondos especiales.</li><li>Asegurar el resguardo y conservaci&oacute;n de los bienes patrimoniales de la jurisdicci&oacute;n y controlar el cumplimiento de los procedimientos establecidos por el &oacute;rgano rector del Sistema de Bienes d&eacute;l Estado.</li><li>Verificar la existencia de cr&eacute;dito presupuestario con car&aacute;cter previo al inicio de los tr&aacute;mites, y mantener actualizada y disponible para consulta la informaci&oacute;n sobre ejecuci&oacute;n presupuestaria.</li><li>Gestionar los requerimientos de adquisiciones y contrataciones de acuerdo a las especificaciones t&eacute;cnicas, ajust&aacute;ndose a la normativa vigente.</li><li>Supervisar la liquidaci&oacute;n de haberes d&eacute;l personal de la jurisdicci&oacute;n.</li><li>Elevar a los respectivos Organismos de Contralor, la documentaci&oacute;n requerida, de conformidad con las disposiciones reglamentarias que rigen la materia, en cuanto a formas y plazos de presentaci&oacute;n.</li><li>Proveer a las &ldquo;Unidades de Planificaci&oacute;n Sectorial y Auditor&iacute;a Interna&rdquo; &nbsp;la informaci&oacute;n requerida de acuerdo a sus competencias.</li></ul>', 0),
(42, 42, 'direcciones_direcci-n-de-administraci-n_autoridades', '<p><strong><span style="text-decoration: underline;">AUTORIDADES</span></strong></p><p><strong>Director A/C</strong>: Cr. Mauricio Miranda</p><p><strong>Direcci&oacute;n</strong>: Marcelo T. de Alvear 145 -&nbsp;Casa de Gobierno - 6&ordm; Piso. Resistencia-Chaco.</p><p><strong>Tel&eacute;fono</strong>: 03722-448046 - interno 8046.</p>', 0);
INSERT INTO `seccion` (`id`, `item_id`, `url`, `contenido`, `url_externa`) VALUES
(43, 43, 'direcciones_direcci-n-de-administraci-n_departamentos', '<p><span style="text-decoration: underline;"><strong>CONTABLE</strong></span></p><p><strong>Jefa a/c del Departamento</strong>: Sra. Adriana Medina</p><p><strong>Tel&eacute;fono</strong>: 456405 interno 6405</p><p><strong>Acciones</strong>:</p><ul><li>Controlar el correcto encuadre de los gastos efectuados por las distintas dependencias de la jurisdicci&oacute;n, de acuerdo a las normativas vigentes en la materia.</li><li>Efectuar el c&aacute;lcuo, liquidaci&oacute;n y respectivas declaraciones juradas de las retenciones correspondientes a tributos nacionales y provinciales a realizar sobre los proveedores de la jurisdicci&oacute;n.</li><li>Emitir anticipos de fondos para vi&aacute;ticos, cajas chicas y otros gastos y verificar los instrumentos legales que los autorizan, realizando el control de rendiciones de cuentas pendientes de los beneficiarios.</li></ul><p><strong>Normativa Vigente sobre Anticipo de Vi&aacute;ticos:</strong></p><ul><li><a href="http://scgp.chaco.gov.ar/scgpchaco/images/Administracion/Decreto1324.pdf" target="_blank">Decreto N&ordm; 1324/78</a>&nbsp;- R&eacute;gimen de Vi&aacute;ticos</li><li><a href="http://scgp.chaco.gov.ar/scgpchaco/images/Administracion/Decreto1955-77.pdf" target="_blank">Decreto N&ordm; 1955/77</a>&nbsp;-&nbsp;<a href="http://scgp.chaco.gov.ar/scgpchaco/images/Administracion/asignacion%20de%20estratos%20segn%20cargos%20del%20agente.doc" target="_blank">Asignaci&oacute;n de Estratos seg&uacute;n los cargo o niveles salariales.</a></li><li><a href="http://scgp.chaco.gov.ar/scgpchaco/images/Administracion/1610756642.pdf" target="_blank">Decreto N&ordm; 367/11 - Escala de Vi&aacute;ticos&nbsp;</a>***<a href="http://scgp.chaco.gov.ar/scgpchaco/images/Administracion/porcentajeviaticos.xls" target="_blank">Se adjunta Cuadro</a></li><li><a href="http://scgp.chaco.gov.ar/scgpchaco/images/Administracion/decreto%20969-00.pdf" target="_blank">Decreto N&ordm; 969/00 - Otorgamiento de Anticipos de Gastos.</a></li><li>Disposici&oacute;n N&ordm; 73/00 - Subsecretar&iacute;a de Hacienda "Monto m&aacute;ximo Anticipos de Fondos (AO)</li><li>Disposici&oacute;n N&ordm; 74/00 - Subsecretar&iacute;a de Hacienda "Autorizaci&oacute;n para emitir Anticipos de Gastos (AO).</li><li><a href="http://scgp.chaco.gov.ar/scgpchaco/images/Administracion/circular%20004-99%20regimen%20de%20anticipos.pdf" target="_blank">Circular N&ordm; 04/99 - Contadur&iacute;a General de la Provincial - R&eacute;gimen de Anticipos.</a></li><li><a href="http://scgp.chaco.gov.ar/scgpchaco/images/Administracion/resolucin%2040-03%20del%20tribunal%20de%20cuentas.pdf" target="_blank">Resoluci&oacute;n N&ordm; 40/03 - Tribunal de Cuentas</a>&nbsp;**<a href="http://scgp.chaco.gov.ar/scgpchaco/images/Administracion/planilla_de_viaticos.doc" target="_blank">Se adjunta Planilla de Rendici&oacute;n de Vi&aacute;ticos e Informe de Comisi&oacute;n de Servicios.</a></li></ul><p>&nbsp;</p><p><span style="text-decoration: underline;"><strong>RENDICIONES</strong></span></p><p><strong>Jefa a/c del Departamento:&nbsp;Sra. Mariela Tourn</strong></p><p><strong>Tel&eacute;fono</strong>: 458815 interno 8815</p><p><strong>Acciones:</strong></p><ul><li>Recepcionar la documentaci&oacute;n referida a los pagos e ingresos efectuados por el Departamento Tesorer&iacute;a Jurisdiccional y la Tesorer&iacute;a General de la Provincia.</li><li>Controlar que las sumas a rendir mensualmente al Tribunal de Cuentas de la Provincia observen plena coincidencia con los importes reflejados en los respectivos Estados de Ejecuci&oacute;n del Presupuesto.</li><li>Mantener un archivo con copias de las documentaciones referida a las Rendiciones, como asimismo de las Rendiciones Universales que hayan sido devueltas por el Tribunal de Cuentas.</li></ul><p><strong>Normativa Vigente:</strong></p><p><a href="http://scgp.chaco.gov.ar/scgpchaco/images/Administracion/resolucin%2040-03%20del%20tribunal%20de%20cuentas.pdf" target="_blank">Resoluci&oacute;n N&ordm; 40/03 - "Normas sobre Rendiciones de Cuentas" del Tribunal de Cuentas</a></p><p>&nbsp;</p><p><span style="text-decoration: underline;"><strong>TESORERIA</strong></span></p><p><strong>Jefa a/c del Departamento:&nbsp;</strong>Sra. Mercedes Mudry</p><p><strong>Tel&eacute;fono:&nbsp;</strong>456404 interno 6404</p><p><strong>Acciones:</strong></p><ul><li>Recepcionar y custodiar los fondos confiados a su responsabilidad, observando la reglamentaci&oacute;n que rige la materia.</li><li>Realizar los dep&oacute;sitos de los fondos correspondientes a normas tributarias, emitiendo lo respectivos comprobantes y presentando las declaraciones juradas en los plazos previstos.</li><li>Resguardar las documentaciones de pagos y/o entregas de fondos efectuados.</li><li>Controlar los recursos ingresados por la aplicaci&oacute;n de normativas vigentes, afectaci&oacute;n espec&iacute;fica, fondo permanente y cualquier otro que signifique disponibilidad de fondos para la Jurisdicci&oacute;n.</li></ul><p><strong>Normativa Vigente:</strong></p><ul><li><a href="http://scgp.chaco.gov.ar/scgpchaco/images/Administracion/d.0759-04.pdf" target="_blank">Decreto N&ordm; 759/04 - Pagos Electr&oacute;nicos</a></li></ul>', 0),
(44, 44, 'menu_profym', NULL, 0),
(45, 45, 'menu_profym_acerca-de-profym', '<h2><strong><span style="text-decoration: underline;">PROGRAMA DE FORTALECIMIENTO Y MODERNIZACI&Oacute;N</span></strong></h2><h1><img style="display: block; margin-left: auto; margin-right: auto;" src="http://scgp.chaco.gov.ar/scgpchaco/images/stories/logoprofym.png" alt="" width="200" height="100" border="0" /></h1><h2>&iquest;C&oacute;mo nace el ProFyM?</h2><p>En el marco del&nbsp;<a href="http://scgp.chaco.gov.ar/scgpchaco/images/PROFyM/NormativaEstructuraOrganica/230-07.pdf" target="_blank">Decreto N&ordm; 230/07</a>&nbsp;se crea el Comit&eacute; Ejecutivo de Fortalecimiento y Modernizaci&oacute;n del Estado, frente a la necesidad de contar con instrumentos adecuados para priorizar, articular y coordinar cada una de las pol&iacute;ticas y administrarlas de manera eficiente, incorporando nuevas tecnolog&iacute;as, estructuras organizativas acordes con los planes de Gobierno y la profesionalizaci&oacute;n y dignificaci&oacute;n de los trabajadores del sector p&uacute;blico.</p><h2>&iquest;Por qu&eacute; Modernizar?</h2><p>Nuestra Provincia ha iniciado un camino hacia la mejora de la calidad de vida de los ciudadanos y crecimiento econ&oacute;mico, que debe estar acompa&ntilde;ado por pol&iacute;ticas de transformaci&oacute;n de la gesti&oacute;n institucional, que respalden y hagan sustentable el &eacute;xito de los esfuerzos encarados por el Gobierno.<br />Para ello es indispensable modernizar los organismos p&uacute;blicos, sobre la base de una administraci&oacute;n m&aacute;s eficiente, con recursos humanos capacitados y una adecuada asignaci&oacute;n de sus funciones, todo ello con el objetivo de lograr que la gesti&oacute;n publica asuma el doble rol de atender satisfactoriamente las demandas de los ciudadanos y prestar un servicio de calidad.<br />Eficiencia en la gesti&oacute;n, equidad, transparencia y comunicaci&oacute;n son los pilares del nuevo modelo de administraci&oacute;n p&uacute;blica cuyo fin es el acercamiento de las instituciones a los ciudadanos.</p><h2>&iquest;Quienes Somos?<span class="Apple-style-span">&nbsp;</span></h2><table border="0" frame="VOID" rules="NONE" cellspacing="0"><colgroup><col width="180" /><col width="231" /></colgroup><tbody><tr><td align="LEFT" height="16"><ul><li>Dr. Mauricio Brugnoli</li></ul></td><td align="LEFT">Abogado</td></tr><tr><td align="LEFT" height="16"><ul><li>Dra. Yanina Mullet</li></ul></td><td align="LEFT">Abogada</td></tr><tr><td align="LEFT" height="16"><ul><li>Lic. Erica Ortiz</li></ul></td><td align="LEFT">Licenciada en Administraci&oacute;n</td></tr><tr><td align="LEFT" height="16"><ul><li>Lic. Mar&iacute;a Sanchez Dansey</li></ul></td><td align="LEFT">Licenciada en Administraci&oacute;n</td></tr><tr><td align="LEFT" height="16"><ul><li>Lic. Soledad Brugnoli</li></ul></td><td align="LEFT">Licenciada en Administraci&oacute;n</td></tr><tr><td align="LEFT" height="16"><ul><li>Lic. Andrea Sandobal</li></ul></td><td align="LEFT"><p>Licenciada en Administraci&oacute;n</p></td></tr><tr><td align="LEFT" height="16"><ul><li>Lic. Alejandro Yoris</li></ul></td><td align="LEFT"><p>Licenciado en Administraci&oacute;n</p></td></tr><tr><td align="LEFT" height="16"><ul><li>Cr. Cristian Marenco</li></ul></td><td align="LEFT">Contador P&uacute;blico Nacional</td></tr><tr><td align="LEFT" height="16"><ul><li>Cr. Mauricio Miranda</li></ul></td><td align="LEFT">Contador P&uacute;blico Nacional</td></tr><tr><td align="LEFT" height="16"><ul><li>Cra. Elba Liva de D&iacute;az</li></ul></td><td align="LEFT">Contadora P&uacute;blica Nacional</td></tr><tr><td align="LEFT" height="16"><ul><li>Cra. Mar&iacute;a Rosal&iacute;a Dimitroff</li></ul></td><td align="LEFT">Contadora P&uacute;blica Nacional</td></tr><tr><td align="LEFT" height="16"><ul><li>A.S. Alejandra Guarino</li></ul></td><td align="LEFT">Analista en Sistemas de Computaci&oacute;n</td></tr><tr><td align="LEFT" height="16"><ul><li>A.U.S. Clarisa Soto</li></ul></td><td align="LEFT">Analista Universitario de Sistemas</td></tr><tr><td align="LEFT" height="16"><ul><li>Ing. Georgina Pereira</li></ul></td><td align="LEFT">Ingeniera en Sistemas</td></tr><tr><td align="LEFT" height="16"><ul><li>A.U.S. Lidia Costas</li></ul></td><td align="LEFT">Analista Universitario de Sistemas</td></tr><tr><td align="LEFT" height="16"><ul><li>Lic. Javier Alfonso</li></ul></td><td align="LEFT">Licenciado en Sistemas</td></tr><tr><td align="LEFT" height="16"><ul><li>Ing. Carolina de Pedro</li></ul></td><td align="LEFT">Ingeniera en Sistemas</td></tr><tr><td align="LEFT" height="16"><ul><li>Ing. Yanina Vallejos</li></ul></td><td align="LEFT">Ingeniera en Sistemas</td></tr><tr><td align="LEFT" height="16"><ul><li>Prof. Tamara Correa</li></ul></td><td align="LEFT">Profesora en Ciencias de la Educaci&oacute;n</td></tr><tr><td align="LEFT" height="16"><ul><li>A.U.S. Juan Manuel Almir&oacute;n</li></ul></td><td align="LEFT"><p>Analista Universitario de Sistemas</p></td></tr><tr><td align="LEFT" height="16"><ul><li>Arq. Estefen&iacute;a Lindstrom</li></ul></td><td align="LEFT">Arquitecta</td></tr><tr><td align="LEFT" height="16"><ul><li>Sr. Henri Mari</li></ul></td><td align="LEFT">Estudiante Arquitectura</td></tr><tr><td align="LEFT" height="16"><ul><li>Sra. Julia Ojeda</li></ul></td><td align="LEFT">Estudiante Analista en Sistemas</td></tr><tr><td align="LEFT" height="16"><ul><li>Srta. Tatiana Rehak</li></ul></td><td align="LEFT">Estudiante Contadora P&uacute;blica Nacional</td></tr><tr><td align="LEFT" height="16"><ul><li>Srta. Romina Lavia</li></ul></td><td align="LEFT">Estudiante Contadora P&uacute;blica</td></tr><tr><td align="LEFT" height="16"><ul><li>Sr. Eduardo Cesario</li></ul></td><td align="LEFT">&nbsp;</td></tr><tr><td align="LEFT" height="16"><ul><li>Sr. Sergio Ramirez</li></ul></td><td align="LEFT">&nbsp;</td></tr><tr><td align="LEFT" height="16"><ul><li>Tca. Alicia Knauss</li></ul></td><td align="LEFT">&nbsp;</td></tr><tr><td align="LEFT" height="16"><ul><li>Sr. Bruno Daniel Acosta</li></ul></td><td align="LEFT">Estudiante de Ingenier&iacute;a Electromec&aacute;nica</td></tr><tr><td align="LEFT" height="16"><ul><li>Sr. Jos&eacute; Borelli</li></ul></td><td align="LEFT">Estudiante Ingenier&iacute;a en Sistemas</td></tr></tbody></table><p>&nbsp;</p><p>&nbsp;</p><p><img style="display: block; margin-left: auto; margin-right: auto;" src="http://scgp.chaco.gov.ar/scgpchaco/images/PROFyM/fototapa.jpg" alt="fototapa" width="540" height="361" /></p><p>&nbsp;</p><p>&nbsp;</p><h3>Correo electr&oacute;nico:&nbsp;<a href="mailto:scgp.profym@chaco.gov.ar">scgp.profym@chaco.gov.ar</a></h3><h3>Tel&eacute;fono: 362-4456416 - Interno: 7353/6416</h3>', 0),
(46, 46, 'direcciones_direcci-n-general-de-recursos-humanos_responsabilidad-primaria-y-accciones', '<p><span style="text-decoration: underline;"><strong>DIRECCION GENERAL DE RECURSOS HUMANOS</strong></span></p><p><strong>RESPONSABILIDAD PRIMARIA</strong></p><ul><li>Proponer, elaborar y aplicar las pol&iacute;ticas de modernizaci&oacute;n de la gesti&oacute;n de recursos humanos del Poder Ejecutivo Provincial con el fin de mejorar su calidad, asegurar el desarrollo personal y profesional de quienes la integran y la modernizaci&oacute;n de la normativa aplicable en materia de empleo p&uacute;blico.</li><li>Planificar y conducir la implementaci&oacute;n de las pol&iacute;ticas de personal y la aplicaci&oacute;n de normas que regulen la carrera administrativa, su desarrollo integral y las relaciones laborales.</li></ul><p><strong>&nbsp;</strong></p><p><strong>ACCIONES</strong></p><ul><li>Proponer las pol&iacute;ticas y normas en materia de recursos humanos para su aplicaci&oacute;n en el &aacute;mbito de la Administraci&oacute;n P&uacute;blica Provincial.</li><li>Efectuar la interpretaci&oacute;n y el control de la aplicaci&oacute;n de la normativa de empleo p&uacute;blico que rija las relaciones laborales del Poder Ejecutivo Provincial con su personal, proponiendo las acciones necesarias para revisar o consolidar la legislaci&oacute;n vigente en la materia.</li><li>Ejecutar pol&iacute;ticas y dise&ntilde;ar y aplicar las normas referidas al r&eacute;gimen salarial del sector p&uacute;blico provincial, los sistemas de incentivos del empleo p&uacute;blico, la carrera administrativa, las condiciones de higiene y seguridad del trabajo y el Legajo Personal &Uacute;nico.</li><li>Intervenir en las relaciones con las organizaciones gremiales.</li><li>Intervenir en el dise&ntilde;o, implementaci&oacute;n y actualizaci&oacute;n de los sistemas de procesamiento de la informaci&oacute;n y de estad&iacute;sticas de recursos humanos.</li><li>Dise&ntilde;ar, implementar y realizar el seguimiento de programas de fortalecimiento y desarrollo de las &aacute;reas jurisdiccionales de recursos humanos.</li><li>Dise&ntilde;ar e implementar pol&iacute;ticas de capacitaci&oacute;n para el personal de la Administraci&oacute;n P&uacute;blica Provincial.</li><li>Desarrollar programas de asistencia a las administraciones municipales de la Provincia del Chaco que as&iacute; lo requieran y que tengan por objeto la modernizaci&oacute;n de la gesti&oacute;n, el fortalecimiento de los recursos humanos y el mejoramiento continuo de la calidad de sus servicios.</li><li>Supervisar el funcionamiento de los reg&iacute;menes estatutarios o escalafonarios vigentes y proponer aquellas medidas necesarias para su sustituci&oacute;n y/o adecuaci&oacute;n.</li></ul>', 0),
(47, 47, 'direcciones_direcci-n-general-de-recursos-humanos_autoridades', '<p><span style="text-decoration: underline;"><strong>AUTORIDADES</strong></span></p><p>Directora General: Tca. Alicia Knaus</p><p>Direcci&oacute;n: Marcelo T. de Alvear 145 (Casa de Gobierno: Planta Baja) - Resistencia, Chaco</p><p>Tel&eacute;fono: 0362-4448000 - int. 8047</p><p>E-mail:&nbsp;<a href="mailto:direcgralrrhh@chaco.gov.ar">direcgralrrhh@chaco.gov.ar</a></p>', 0),
(48, 48, 'direcciones_direcci-n-general-de-recursos-humanos_direcciones-recursos-humanos', NULL, 0),
(49, 49, 'direcciones_direcciones_direcci-n-de-gesti-n-de-personal', '<p><span style="text-decoration: underline;"><strong>DIRECCION GESTION PERSONAL:</strong></span></p><p><span style="text-decoration: underline;"><strong>Consultas y Tr&aacute;mites</strong></span></p><p>Atiende consultas y realiza tr&aacute;mites referidos a los siguientes temas:</p><p>&nbsp;&nbsp;</p><table border="1" cellspacing="0" cellpadding="0"><tbody><tr><td nowrap="nowrap" width="160"><p align="center"><strong>TEMAS</strong></p></td><td nowrap="nowrap" width="263"><p align="center"><strong>DETALLE</strong></p></td><td nowrap="nowrap" width="272"><p align="center"><strong>NORMATIVA</strong></p></td></tr><tr><td rowspan="6" width="160"><p align="center"><strong>Certificaciones de Servicios</strong></p><p align="center"><strong>(agentes y ex agentes)</strong></p></td><td lang="lang" scope="scope" align="left" valign="center" nowrap="nowrap"><p align="left">Jubilaci&oacute;n Ordinaria M&oacute;vil</p></td><td valign="top" nowrap="nowrap" width="272"><p align="left">Ley N&ordm; 4044 &ndash; Art. 73 y 66 (Decreto N&ordm; 2485/08)</p></td></tr><tr><td lang="lang" scope="scope" align="left" valign="center" nowrap="nowrap"><p align="left">Jubilaci&oacute;n Edad Avanzada</p></td><td valign="top" nowrap="nowrap" width="272"><p align="left">Ley N&ordm; 4044 &ndash; Art. 74 (Decreto N&ordm; 2485/08)</p></td></tr><tr><td valign="top" nowrap="nowrap" width="263"><p align="left">Jubilaci&oacute;n por Invalidez</p></td><td valign="top" nowrap="nowrap" width="272"><p align="left">Ley N&ordm; 4044 &ndash; Art. 75</p></td></tr><tr><td valign="top" nowrap="nowrap" width="263"><p align="left">Jubilaci&oacute;n Ex&ndash;Combatientes de Malvinas</p></td><td lang="lang" scope="scope" align="left" valign="center" nowrap="nowrap"><p align="left">Ley N&ordm; 5973</p></td></tr><tr><td lang="lang" scope="scope" align="left" valign="center" nowrap="nowrap"><p align="left">Retirados Especiales</p></td><td valign="top" nowrap="nowrap" width="272"><p align="left">Leyes N&ordm; 3852 &ndash; 4256 y Modif. N&ordm; 4265</p></td></tr><tr><td valign="top" nowrap="nowrap" width="263"><p align="left">Fallecimiento &ndash; Renuncia &ndash; Cesant&iacute;a &ndash; Exoneraci&oacute;n</p></td><td valign="top" nowrap="nowrap" width="272"><p align="left">&nbsp;</p></td></tr><tr><td rowspan="2" valign="top" width="160"><p align="center"><strong>Bonificaci&oacute;n por Antig&uuml;edad</strong></p></td><td valign="top" nowrap="nowrap" width="263"><p align="left">Acceso al beneficio</p></td><td lang="lang" rowspan="2" scope="scope" align="left" valign="center"><p align="left">Ley N&ordm; 2017 (Art. 25) y Decreto Reglamentario N&ordm; 1482/78</p></td></tr><tr><td valign="top" nowrap="nowrap" width="263"><p align="left">Acreditaci&oacute;n de otros servicios computables</p></td></tr><tr><td rowspan="2" valign="top" width="160"><p align="center"><strong>Reconocimiento de Servicios (</strong><strong>inactividad</strong><strong>)</strong></p></td><td lang="lang" scope="scope" align="left" valign="center" nowrap="nowrap"><p align="left">Efectos Remunerativos</p></td><td rowspan="2" nowrap="nowrap" width="272"><p align="left">Leyes N&ordm; 2963 &ndash; 5092 y 5452</p></td></tr><tr><td lang="lang" scope="scope" align="left" valign="center" nowrap="nowrap"><p align="left">Fines Previsionales</p></td></tr><tr><td nowrap="nowrap" width="160"><p align="center"><strong>Retiros Voluntarios</strong></p></td><td valign="top" nowrap="nowrap" width="263"><p align="left">&nbsp;</p></td><td valign="top" width="272"><p align="left">Ley N&ordm; 6635 &ndash; Decreto Reglamentario 695/11 e Instructivo (Disp. N&ordm; 129/11 de la Subsecretar&iacute;a de Coordinaci&oacute;n y Gesti&oacute;n P&uacute;blica)</p></td></tr><tr><td valign="top" width="160"><p align="center"><strong>R&eacute;gimen de Licencias y Permisos</strong></p></td><td valign="top" nowrap="nowrap" width="263"><p align="left">&nbsp;</p></td><td nowrap="nowrap" width="272"><p align="left">Ley N&ordm; 3521</p></td></tr><tr><td valign="top" width="160"><p align="center"><strong>R&eacute;gimen de Asignaciones Familiares</strong></p></td><td valign="top" nowrap="nowrap" width="263"><p align="left">&nbsp;</p></td><td lang="lang" scope="scope" align="left" valign="center"><p align="left">Ley N&ordm; 3049 y Decreto Reglamentario N&ordm; 2170/86</p></td></tr></tbody></table><p>&nbsp;</p>', 0),
(50, 50, 'direcciones_direcciones_administracion-sistema-informatico-y-control-de-haberes', '<div class="item-page"><p><span style="text-decoration: underline;"><strong>1) Incorporaci&oacute;n de un nuevo Reporte en el Sistema Integrado de Personal y Liquidaci&oacute;n de Haberes (PON)</strong></span></p><p style="text-align: justify;">Con el fin de simplificar la tarea de imputar el Gasto de Personal en el Sistema Contable, se implement&oacute; en el Sistema de Liquidaci&oacute;n de Haberes del Personal de la Administraci&oacute;n P&uacute;blica Provincial, el reporte&nbsp;<strong>Minuta Contable de Imputaci&oacute;n Presupuestaria de Sueldos.&nbsp;</strong>La misma contiene en forma resumida y totalizada, por Categor&iacute;a Program&aacute;tica y Partida Presupuestaria, los importes de los sueldos liquidados en cada jurisdicci&oacute;n.</p><p style="text-align: justify;">Representa a cada Orden de Pago a emitirse dado que cuenta con el detalle del gasto por Situaci&oacute;n de Revista, Categor&iacute;a Program&aacute;tica y Partida Presupuestaria, y las Deducciones correspondientes a la liquidaci&oacute;n, permitiendo la&nbsp;<strong><em>Imputaci&oacute;n autom&aacute;tica de sueldos</em></strong>&nbsp;en el sistema SAFyC.</p><p><span style="text-decoration: underline;"><strong>2) Formulaci&oacute;n del Proyecto de Presupuesto General de la Provincia para el Ejercicio 2012, referentes a Recursos Humanos</strong></span></p><p style="text-align: justify;">Tal como ya se efectuara para el a&ntilde;o en curso, la Direcci&oacute;n General de Recursos Humanos con la participaci&oacute;n de las Unidades de Recursos Humanos, Unidades de Planificaci&oacute;n Sectorial y Direcciones de Administraci&oacute;n Jurisdiccionales han llevado a cabo acciones que permitieran formular el gasto en personal para el nuevo Ejercicio Financiero, de acuerdo con las Categor&iacute;as Program&aacute;ticas previstas para el 2012 y la adecuaci&oacute;n de la Dotaci&oacute;n de Personal en cada Estructura Organizativa vigente, con asignaci&oacute;n territorial del gasto.</p><p style="text-align: justify;">Con el prop&oacute;sito de planificar con anticipaci&oacute;n la ejecuci&oacute;n de los ajustes Presupuestarios en materia de Categor&iacute;as Program&aacute;ticas y tratamiento de la Planta Ocupada, se habilit&oacute; un&nbsp;<strong><em>M&oacute;dulo Presupuestario</em></strong>&nbsp;realizando, a trav&eacute;s de esta Direcci&oacute;n, las tareas de capacitaci&oacute;n necesarias sobre su funcionamiento y aplicaci&oacute;n, con los responsables de las &aacute;reas Jurisdiccionales involucradas.</p></div><div style="text-align: justify;">&nbsp;</div>', 0),
(51, 51, 'menu_direcciones_direcci-n-de-legislaci-n-y-relaciones-laborales', '<p><span style="text-decoration: underline;"><strong>DIRECCION DE LEGISLACION Y RELACIONES LABORALES</strong></span></p><p><strong>ACCIONES</strong></p><ul><li>Proponer y confeccionar o, en su caso dictaminar, los proyectos, las normas de orden legal o reglamentario destinadas a regular las relaciones laborales en el Sector P&uacute;blico.</li><li>Colaborar en la confecci&oacute;n de la normativa que regula les diversos institutos componentes de los reg&iacute;menes de carrera administrativa.</li><li>Intervenir en la tramitaci&oacute;n de reclamos, denuncias y recursos administrativos del personal en cuestiones vinculadas con je! empleo o su contrataci&oacute;n.</li><li>Asesorar en los procesos de negociaciones colectivas de trabajo del sector p&uacute;blico provincial, en la resoluci&oacute;n de conflictos colectivos, en la formulaci&oacute;n de criterios generales a adoptar por la representaci&oacute;n estatal y en la confecci&oacute;n de textos conven&iacute;ales.</li><li>Formular proyectos de Interpretaci&oacute;n de las normas legales o reglamentarias que rijan la relaci&oacute;n laboral o contractual de quienes se desempe&ntilde;en en el sector P&uacute;blico Provincial.</li><li>Sistematizar y difundir la informaci&oacute;n referida a los criterios de interpretaci&oacute;n adoptados por la Subsecretar&iacute;a de Coordinaci&oacute;n y Gesti&oacute;n P&uacute;blica de la Secretar&iacute;a General de la Gobernaci&oacute;n, la doctrina y la jurisprudencia en la materia.</li><li>Intervenir en el diligenciamiento de requerimientos judiciales en la materia que se deriven a la Subsecretar&iacute;a de Coordinaci&oacute;n y Gesti&oacute;n P&uacute;blica.</li><li>Asistir a los representantes del Estado Provincial en los &oacute;rganos, comisiones o instancias previstas par los diversos escalafones o convenios colectivos.</li><li>Verificar la aplicaci&oacute;n de las normas de higiene y seguridad del trabajo.</li></ul>', 0),
(52, 52, 'direcciones_direcciones_direcci-n-de-desarrollo-de-recursos-humanos', '<p><span style="text-decoration: underline;"><strong>DIRECCION DE DESARROLLO DE RECURSOS HUMANOS</strong></span></p><p><strong>ACCIONES</strong></p><ul><li>Dise&ntilde;ar los sistemas y procedimientos adecuados para la selecci&oacute;n, evaluaci&oacute;n, promoci&oacute;n, desarrollo, incentivos y retribuci&oacute;n de! personal.</li><li>Supervisar la adecuaci&oacute;n de los perfiles de puestos, definidos por las jurisdicciones para la cobertura de vacantes, con las resporsabilidades del mismo.</li><li>Participar en la formulaci&oacute;n de la pol&iacute;tica de selecci&oacute;n de Dersonal para cargos vacantes, mediante concursos, participando del proceso.</li><li>Colaborar con el an&aacute;lisis de los aspectos vinculados con pol&iacute;tica salarial y con el asesoramiento a las autoridades superioeres en la materia, en cuanto a responsabilidades inherentes a los perfiles de puestos de la administraci&oacute;n p&uacute;blica provincial.</li><li>Proponer perfiles de puestos o cargos gen&eacute;ricos.</li><li>Asegurar la realizaci&oacute;n de los controles adecuados respecto a la aplicaci&oacute;n de la normativa vigente en materia de administraci&oacute;n de personal.</li><li>Elaborar proyectos de normas relacionadas a reglamentaciones, y circularizar normas, procedimientos y dict&aacute;menes que deban ser de conocimiento de las unidades de recursos humanos.</li><li>Supervisar la aplicaci&oacute;n del sistema de Evaluaci&oacute;n de Desempe&ntilde;o.</li></ul><p>&nbsp;</p><p><strong>Departamento de Carrera, Selecci&oacute;n y Evaluaci&oacute;n</strong></p><p><strong>ACCIONES</strong>&nbsp;</p><ul><li>Aplicar los sistemas de selecci&oacute;n, evaluaci&oacute;n, promoci&oacute;n, y desarrollo del personal.</li><li>Elaborar los documentos necesarios a utilizarse en los procesos de concursos, relativos a los descriptivos de puestos y las exigencias en materia de competencias laborales a satisfacer por el personal.</li><li>Ejecutar la pol&iacute;tica de selecci&oacute;n de personal para cargos vacantes, mediante el llamado a concurso.</li><li>Investigar y elaborar distintas propuestas para la definici&oacute;n de perfiles de puestos o cargos gen&eacute;ricos.</li><li>Proponer, coordinar y ejecutar metodolog&iacute;as para la evaluaci&oacute;n de desempe&ntilde;o del personal.</li><li>Participar en los procesos de concuros en los que sea designado.</li><li>Controlar la aplicaci&oacute;n de la normativa vigente en los proyectos de instrumentos legales referida a llamados a concursos.</li></ul><p>&nbsp;</p><p><strong>Departamento Control de Legalidad</strong></p><p><strong>ACCIONES</strong></p><ul><li>Controlar la aplicaci&oacute;n de la normativa respecto a designaciones, promociones, transferencias, adscripciones, reubicaciones, bonificaciones, altas y bajas de personal.</li><li>Analizar y verificar el encuadre legal de los proyectos de instrumenlos legales que guarden relaci&oacute;n con las medidas de administraci&oacute;n de de personal mencionadas en la acci&oacute;n N&deg;1.&nbsp;</li><li>Controlar el registro de las designaciones, promociones, transferencias, reubicaciones, adscripciones, bonificaciones, altas y bajas de personal.</li><li>Asesorar a las distintas unidades de recursos humanos jurisdiccionales respecto a los temas de su competencia.</li></ul>', 0),
(53, 53, 'direcciones_direcci-n-general-de-recursos-humanos_departamentos', '<p><span style="text-decoration: underline;"><strong>Departamento Certificaciones y Legajos&nbsp;</strong></span></p><p><strong>ACCIONES</strong></p><ul><li>Clasificar los instrumentos legales y documentos originales y copias que deben integrar e! legajo &uacute;nico del personal, elevando los orig&iacute;nales que correspondan a la Direcci&oacute;n Gesti&oacute;n Personal</li><li>Mantener actualizada la carrera administrativa, los datos personales y familiares el legajo digital del agente.</li><li>Informar toda novedad de los agentes en cuanto a tus datos personales y toda otra requerida para la liquidaci&oacute;n de haberes y dem&aacute;s compensaciones del personal.</li><li>Confeccionar los instrumentos legales y/o documentos y diligenciar los tr&aacute;mites vinculados con contrataciones, designaciones, promociones, transferencias, adscripciones, bonificaciones, altas y bajas del personal.</li><li>Diligenciar los tr&aacute;mites vinculados con las certificaciones de servicios, y c&oacute;mputo de antig&uuml;edad, aplicando los reg&iacute;menes correspondientes para cada caso.</li><li>Auditar la correspondencia de la liquidaci&oacute;n de haberes con la documentaci&oacute;n obrante en el legajo.</li><li>Archivar y custodiar el legajo duplicado del personal.</li></ul><p>&nbsp;</p><p><span style="text-decoration: underline;"><strong>Departamtento Asistencia y Liquidaciones&nbsp;</strong></span></p><p><strong>ACCIONES</strong></p><ul><li>Registrar las asistencias, los permisos de salida, y medidas disciplinarias aplicadas.</li><li>Diligenciar los tr&aacute;mites vinculados con el otorgamiento de licencias, aplicando los reg&iacute;menes correspondientes para cada caso.</li><li>Registrar las altas y bajas, designacicnes, promociones, transferencias, adscripciones, bonificaciones y todas las novedades del personal que impacten en su remuneraci&oacute;n.</li><li>Realizar la liquidaci&oacute;n de haberes y sus ajustes correspondientes.</li><li>Liquidar el anticipo Previsional.</li><li>Mantener actualizado el registro de los cargos de la jurisdicci&oacute;n.</li><li>Participar en ia elaboraci&oacute;n de la dotaci&oacute;n de personal para su incorporaci&oacute;n al proyecto de presupuesto.</li></ul><p>&nbsp;</p><p><span style="text-decoration: underline;"><strong>Departamtento Administrativo</strong></span></p><p><strong>ACCIONES</strong></p><ul><li>Recibir, clasificar y archivar notas, expediente y actuaciones.</li><li>Distribuir copias de las documentaciones emitidas a las &aacute;reas correspondientes.</li><li>Controlar la confecci&oacute;n, recopilaci&oacute;n y fichaje de resoluciones rolas y dem&aacute;s instrumentos de la Direcci&oacute;n general.</li><li>Visar y elevar el despacho diario del Director General.</li><li>Verificar la confecci&oacute;n de informes, providencias, memorandos y dem&aacute;s documentaciones para el despacho diario.</li><li>Supervisar la documentaci&oacute;n aue reauiera certificaci&oacute;n de firmas.</li><li>Resolver sobre aquellos asuntos de mero tr&aacute;mite que no requieran ser ordenados por el Director General.</li></ul>', 0),
(54, 54, 'menu_profym_proyectos-de-modernizaci-n', '<h2 class="item-page-title"><span class="subheading-category">PROYECTOS DE MODERNIZACI&Oacute;N</span></h2><div class="category-desc"><img src="http://scgp.chaco.gov.ar/scgpchaco/images/stories/logoprofym.png" alt="" /></div><div class="category-desc"><table class="category"><tbody><tr class="cat-list-row0"><td class="list-title"><a href="http://scgp.chaco.gov.ar/scgpchaco/index.php/profym/proyectos-de-modernizacion/145-actualizacion-estructuras-organicas">Actualizaci&oacute;n Estructuras Org&aacute;nicas</a></td></tr><tr class="cat-list-row1"><td class="list-title"><a href="http://scgp.chaco.gov.ar/scgpchaco/index.php/profym/proyectos-de-modernizacion/85-programa-federal-de-formacion-de-directivos-publicos">Programa Federal de Formaci&oacute;n de Directivos P&uacute;blicos</a></td></tr><tr class="cat-list-row0"><td class="list-title"><a href="http://scgp.chaco.gov.ar/scgpchaco/index.php/profym/proyectos-de-modernizacion/53-senaletica">Se&ntilde;al&eacute;tica</a></td></tr><tr class="cat-list-row1"><td class="list-title"><a href="http://scgp.chaco.gov.ar/scgpchaco/index.php/carta-compromiso-con-el-ciudadano">Carta Compromiso con el Ciudadano</a></td></tr><tr class="cat-list-row0"><td class="list-title"><a href="http://scgp.chaco.gov.ar/scgpchaco/index.php/solicitud-memo">Memo Electr&oacute;nico</a></td></tr><tr class="cat-list-row1"><td class="list-title"><a href="http://scgp.chaco.gov.ar/scgpchaco/index.php/firma-digital">Firma Digital</a></td></tr><tr class="cat-list-row0"><td class="list-title"><a href="http://scgp.chaco.gov.ar/scgpchaco/index.php/profym/proyectos-de-modernizacion/47-nueva-guia-de-tramites">Gu&iacute;a de Tr&aacute;mites</a></td></tr><tr class="cat-list-row1"><td class="list-title"><a href="http://scgp.chaco.gov.ar/scgpchaco/index.php/profym/proyectos-de-modernizacion/46-sistema-de-seguimiento-de-expedientes-y-otras-actuaciones">Sistema de seguimiento de expedientes y otras actuaciones</a></td></tr><tr class="cat-list-row0"><td class="list-title"><a href="http://scgp.chaco.gov.ar/scgpchaco/index.php/profym/proyectos-de-modernizacion/45-participacion-ciudadana">Participaci&oacute;n Ciudadana</a></td></tr><tr class="cat-list-row1"><td class="list-title"><a href="http://scgp.chaco.gov.ar/scgpchaco/index.php/profym/proyectos-de-modernizacion/43-sistema-de-gestion-de-recursos-humanos">Sistema de Gesti&oacute;n de Recursos Humanos</a></td></tr></tbody></table><table class="category"><tbody><tr class="cat-list-row0"><td class="list-title"><a href="http://scgp.chaco.gov.ar/scgpchaco/index.php/profym/proyectos-de-modernizacion/41-ley-de-procedimiento-administrativo-1140">Ley de Procedimiento Administrativo 1140</a></td></tr><tr class="cat-list-row1"><td class="list-title"><a href="http://scgp.chaco.gov.ar/scgpchaco/index.php/profym/proyectos-de-modernizacion/39-estructuras-organicas">Estructuras Org&aacute;nicas</a></td></tr><tr class="cat-list-row0"><td class="list-title"><a href="http://scgp.chaco.gov.ar/scgpchaco/index.php/profym/proyectos-de-modernizacion/37-concursos-de-antecedentes-y-oposicion">Concursos de antecedentes y oposici&oacute;n</a></td></tr><tr class="cat-list-row1"><td class="list-title"><a href="http://scgp.chaco.gov.ar/scgpchaco/index.php/profym/proyectos-de-modernizacion/36-centro-de-gestion">Centro de Gesti&oacute;n</a></td></tr><tr class="cat-list-row0"><td class="list-title"><a href="http://scgp.chaco.gov.ar/scgpchaco/index.php/profym/proyectos-de-modernizacion/34-censos">Censos</a></td></tr></tbody></table></div>', 0),
(55, 55, 'direcciones_unidad-de-planificaci-n-sectorial_responsabilidad-primaria-y-accciones', '<p><span style="text-decoration: underline;"><strong>DIRECCION UNIDAD DE PLANIFICACION SECTORIAL</strong></span></p><p><strong>RESPONSABILIDAD PRIMARIA Y ACCIONES:&nbsp;</strong></p><p>La Direcci&oacute;n Unidad de Planificaci&oacute;n Sectorial, dependiente de la Subsecretar&iacute;a de Coordinaci&oacute;n y Gesti&oacute;n P&uacute;blica, de la Secretar&iacute;a General de la Gobernaci&oacute;n, tiene como Responsabilidad Primaria, la de:</p><p>&ldquo;Dise&ntilde;ar la Estructura Program&aacute;tica jurisdiccional y elaborar el proyecto de presupuesto sectorial anual y plurianual , de acuerdo a las instrucciones impartidas por sus superiores jer&aacute;rquicos y los procedimientos establecidos por el &Oacute;rgano Rector del Sistema Presupuestario Provincial; confeccionar los proyectos de compensaci&oacute;n de partidas y redise&ntilde;o del presupuesto; ejercer el control de gesti&oacute;n a trav&eacute;s de indicadores de eficacia, impacto y beneficio social aprobados por&nbsp; la Secretar&iacute;a de Planificaci&oacute;n y Evaluaci&oacute;n de Resultado&rdquo;.</p><p>Asimismo, y de acuerdo a la Responsabilidad Primaria, se desprende las siguientes acciones:</p><ul><li>Elaborar, siguiendo las instrucciones de sus superiores jer&aacute;rquicos, el proyecto de presupuesto sectorial anual y plurianual de la jurisdicci&oacute;n.</li><li>Elaborar los proyectos de compensaci&oacute;n de partidas y el redise&ntilde;o del presupuesto sectorial anual y plurianual, cumpliendo con los requisitos legales y reglamentarios vigentes.</li><li>Elaborar los Indicadores de Gesti&oacute;n Presupuestaria que solicite el &Oacute;rgano Rector del Presupuesto Provincial, y los indicadores de eficacia, eficiencia, impacto y beneficio social que le solicite la Secretar&iacute;a de Planificaci&oacute;n y Evaluaci&oacute;n de Resultados.</li><li>Mantener actualizado el Marco L&oacute;gico de la jurisdicci&oacute;n y enviar a la Secretar&iacute;a de Planificaci&oacute;n y Evaluaci&oacute;n de Resultados todas las modificaciones introducidas en sus matrices.</li><li>Coordinar la recolecci&oacute;n y efectuar la sistematizaci&oacute;n de informaci&oacute;n referente a los programas de ejecuci&oacute;n, manteniendo actualizadas las bases de datos.</li><li>Actuar como unidad de enlace con el Servicio de Informaci&oacute;n Territorial y con la Direcci&oacute;n de Estad&iacute;sticas y Censos de la Secretar&iacute;a de Planificaci&oacute;n y Evaluaci&oacute;n de Resultados, manteniendo actualizada la informaci&oacute;n georeferenciada y estad&iacute;stica jurisdiccional.</li><li>Asesorar y capacitar a los ejecutores de los programas de la jurisdicci&oacute;n, en consonancia con los lineamientos que sobre el particular le indique la Secretar&iacute;a de Planificaci&oacute;n y Evaluaci&oacute;n de Resultados.</li><li>Analizar y sistematizar las experiencias extra&iacute;das del proceso de seguimiento para mejorar la formulaci&oacute;n de los programas y su implementaci&oacute;n territorial.</li><li>Actuar como unidad de enlace con la Secretar&iacute;a de Planificaci&oacute;n y Evaluaci&oacute;n de Resultados manteniendo actualizada la informaci&oacute;n reportada al Sistema de Informaci&oacute;n para la toma de decisiones.</li><li>Coordinar la instrumentaci&oacute;n de mecanismos de participaci&oacute;n de la sociedad de ejecuci&oacute;n territorial de los planes, programas y proyectos de la jurisdicci&oacute;n.</li></ul><p>&nbsp;</p><p>Esta Unidad de Planificaci&oacute;n Sectorial cuenta con dos (2) Jefaturas de Departamentos:Planificaci&oacute;n y Presupuesto y&nbsp;Seguimiento e Informaci&oacute;n.</p>', 0),
(56, 56, 'direcciones_unidad-de-planificaci-n-sectorial_autoridades', '<div class="item-page"><span style="text-decoration: underline;"><strong>AUTORIDADES</strong></span><p><strong>Director a/c</strong> : Lic.&nbsp;Alejandro D. Yoris</p><p>Direcci&oacute;n: Marcelo T. de Alvear 145 - Resistencia, Chaco (Casa de Gobierno - 6&ordm; Piso)</p><p>Correo electr&oacute;nico:&nbsp;<a href="mailto: &lt;script type=''text/javascript''&gt; &lt;!-- var prefix = ''ma'' + ''il'' + ''to''; var path = ''hr'' + ''ef'' + ''=''; var addy79347 = ''scgp.profym'' + ''@''; addy79347 = addy79347 + ''chaco'' + ''.'' + ''gov'' + ''.'' + ''ar''; document.write(''&lt;a '' + path + ''\\'''' + prefix + '':'' + addy79347 + ''\\''&gt;''); document.write(addy79347); document.write(''&lt;\\/a&gt;''); //--&gt;\\n &lt;/script&gt;&lt;script type=''text/javascript''&gt; &lt;!-- document.write(''&lt;span style=\\''display: none;\\''&gt;''); //--&gt; &lt;/script&gt;JLIB_HTML_CLOAKING &lt;script type=''text/javascript''&gt; &lt;!-- document.write(''&lt;/''); document.write(''span&gt;''); //--&gt; &lt;/script&gt;">&nbsp;</a><a href="mailto:scgp.profym@chaco.gov.ar">scgp.profym@chaco.gov.ar</a></p><p>Tel&eacute;fono: 362-4456416 - Interno: 7353/6416</p></div><div>&nbsp;</div>', 0),
(57, 57, 'direcciones_unidad-de-planificaci-n-sectorial_departamentos', '<div class="item-page"><span style="text-decoration: underline;"><strong>DEPARTAMENTO PLANIFICACION Y PRESUPUESTO</strong></span><br /><p>&nbsp;</p><p><strong>ACCIONES:</strong></p><ul><li><p>Preparar los planes, programas y proyecto de la jurisdicci&oacute;n, contribuyendo a asegurar la equidad territorial y contemplando la inclusi&oacute;n de indicadores de gesti&oacute;n presupuestaria.</p></li><li><p>Participar en el proceso de programaci&oacute;n presupuestaria de todas las fuentes de financiamiento.</p></li><li><p>Ampliar las metodolog&iacute;as y criterios definidos en la jurisdicci&oacute;n para la inclusi&oacute;n de la dimensi&oacute;n territorial de los planes, programas y proyectos sectoriales.</p></li><li><p>Consolidar el plan operativo anual para la ejecuci&oacute;n de los programas, asegurando su consistencia con el presupuesto jurisdiccional, y la articulaci&oacute;n de los procesos de coordinaci&oacute;n interinstitucional involucrados.</p></li><li><p>Elaborar los indicadores de gesti&oacute;n presupuestaria solicitados por el &Oacute;rgano Rector del Presupuesto Provincial, y los indicadores de eficacia, eficiencia y beneficio social solicitados por la Secretar&iacute;a de Planificaci&oacute;n y Evaluaci&oacute;n de Resultados.</p></li><li><p>Mantener actualizada la red program&aacute;tica y los proyectos de compensaci&oacute;n de partidas y redise&ntilde;o del presupuesto sectorial, contribuyendo a asegurar la equidad territorial en la ejecuci&oacute;n de los programas jurisdiccionales.</p></li><li><p>Efectuar diagn&oacute;sticos expeditivos de situaci&oacute;n que contribuyan a mejorar el dise&ntilde;o de los programas, as&iacute; como su eficiencia, eficacia y efectividad para la consecuci&oacute;n de sus objetivos y resultados.</p></li><li><p>Intervenir en el an&aacute;lisis y la integraci&oacute;n, en casos que corresponda, de las propuestas presentadas por los actores institucionales locales en los planes y programas que correspondan a las unidades de desarrollo territorial.</p></li></ul></div><div>&nbsp;</div><div>&nbsp;</div><div><span style="text-decoration: underline;"><strong>DEPARTAMENTO SEGUIMIENTO E INFORMACION</strong></span><br /><p>&nbsp;</p><p><strong>ACCIONES:</strong></p><ul><li><p>Realizar el seguimiento de los planes, programas y proyectos de la jurisdicci&oacute;n y de los procesos de coordinaci&oacute;n interinstitucionales involucrados, detallando los avances alcanzados y los desv&iacute;os.</p></li><li><p>Intervenir en la generaci&oacute;n, consolidaci&oacute;n y difusi&oacute;n de la informaci&oacute;n producida por la ejecuci&oacute;n y difusi&oacute;n de los planes, programas y proyectos de la jurisdicci&oacute;n en las Unidades de Desarrollo Territorial.</p></li><li><p>Efectuar el control de gesti&oacute;n de planes, programas y proyectos de la jurisdicci&oacute;n conforme con las normas establecidas.</p></li><li><p>Elaborar informes relacionados con los aspectos t&eacute;cnicos y presupuestarios vinculados con la ejecuci&oacute;n de los planes, programas y proyectos de la jurisdicci&oacute;n.</p></li><li><p>Informar y asesorar a las unidades de organizaci&oacute;n intervinientes en la ejecuci&oacute;n de los planes, programas y proyectos, las medidas correctivas a introducir a efecto de contribuir a la consecuci&oacute;n de los resultados esperados.</p></li><li><p>Participar en la elaboraci&oacute;n de est&aacute;ndares e indicadores de desempe&ntilde;o y metas de medici&oacute;n con el objeto de evaluar el nivel del logro alcanzado en los objetivos.</p></li><li><p>Revisar y participar en la actualizaci&oacute;n del conjunto de indicadores y medios de verificaci&oacute;n incluidos en la estructura program&aacute;tica jurisdiccional.</p></li><li><p>Analizar y sistematizar las experiencias extra&iacute;das del proceso de seguimiento para mejorar la formulaci&oacute;n de los programas y su implementaci&oacute;n territorial.</p></li><li><p>Actuar como unidad de enlace con la Secretar&iacute;a de Planificaci&oacute;n y Evaluaci&oacute;n de Resultados, con informaci&oacute;n para la toma de decisiones.</p></li><li><p>Coordinar la instrumentaci&oacute;n de mecanismos de participaci&oacute;n de la sociedad civil para el seguimiento de la ejecuci&oacute;n territorial de los planes, programas y proyectos de la jurisdicci&oacute;n.</p></li></ul></div>', 0),
(58, 58, 'direcciones_unidad-de-planificaci-n-sectorial_instrumentos-legales', '<p><strong><span style="text-decoration: underline;">INSTRUMENTOS LEGALES</span></strong></p><p>Instrumentos legales que tienen en cuenta la relaci&oacute;n de la Unidad de Planificaci&oacute;n Sectorial y otros organismos.</p><ul><li><p><a href="http://scgp.chaco.gov.ar/scgpchaco/images/UPS/decreto230-07.pdf" target="_blank">Decreto N&ordm; 230/07</a></p></li><li><p><a href="http://scgp.chaco.gov.ar/scgpchaco/images/UPS/decreto2210-09.pdf" target="_blank">Decreto N&ordm; 2210/09</a>&nbsp;Convenio suscrito entre el representante residente del Programa de Naciones Unidas para el Desarrollo (PNUD) y la Secretar&iacute;a de Planificaci&oacute;n y Evaluaci&oacute;n de Resultados.</p></li></ul><ul><li><p>Plan Quinquenal 2011 &ndash; 2015</p></li><li><p>Ley N&ordm; 4787 de Administraci&oacute;n Financiera</p></li><li><p>Ley N&ordm; 5174 del Sistema de Planificaci&oacute;n y Evaluaci&oacute;n de Resultados</p></li></ul>', 0),
(59, 59, 'http://scgp.chaco.gov.ar/scgpchaco/index.php/solicitud-memo', '<h2 class="item-page-title">&nbsp;</h2><p>e-Memo (Memor&aacute;ndum electr&oacute;nico) es un sistema desarrollado en el &aacute;mbito del Programa de Modernizaci&oacute;n del estado, impulsado por las nuevas tecnolog&iacute;as de informaci&oacute;n y comunicaci&oacute;n disponibles y que utilizar&aacute; por primera vez la firma digital en la Provincia del Chaco.</p><p align="JUSTIFY">Este sistema tiene como objetivo agilizar las comunicaciones internas en la Administraci&oacute;n P&uacute;blica en pos de una gesti&oacute;n m&aacute;s &aacute;gil, segura y despapelizada, posibilitando informar a los empleados y funcionarios normativa en general, la realizaci&oacute;n de consultas, solicitar informes y otras comunicaciones de car&aacute;cter general a trav&eacute;s de un documento firmado digitalmente por el remitente y trasmitido electr&oacute;nicamente al/los destinatario/s deseados, sorteando las dificultades de tiempo y distancia.</p><p align="JUSTIFY">&nbsp;</p><p align="JUSTIFY"><a href="http://japps3.chaco.gov.ar/e-memos/servlet/logueo" target="_blank"><img src="http://scgp.chaco.gov.ar/scgpchaco/images/PROFyM/eMemo/e-memo-chaco-escudo-centro.jpg" alt="e-memo-chaco-escudo-centro" width="170" height="170" /></a></p><h3 align="JUSTIFY">Sistema de e-Memo</h3><ul><li><a href="http://japps3.chaco.gov.ar/e-memos/servlet/logueo" target="_blank">Acceso al Sistema de Memorandum Electr&oacute;nico de la Provincia del Chaco</a></li></ul><h3 align="JUSTIFY">Solicitud de Cuenta de Usuario del Sistema de e-Memo</h3><ul><li><a href="http://scgp.chaco.gov.ar/memo/" target="_blank">Acceso a solicitud de cuenta de usuario del sistema</a></li></ul><p align="JUSTIFY">&nbsp;</p>', 1),
(60, 60, 'menu_profym_publicaciones', '<p>Colaboracion y supervision tecnica (Libro de Jorge Milton Capitanich)</p><p><span style="font-size: medium;"><a href="http://scgp.chaco.gov.ar/scgpchaco/images/PROFyM/Publicaciones/MAS%20ESTADO%20MEJOR%20ESTADO.pdf">http://scgp.chaco.gov.ar/scgpchaco/images/PROFyM/Publicaciones/MAS%20ESTADO%20MEJOR%20ESTADO.pdf</a></span></p><p>&nbsp;</p><p>Revista Institucional SCGP</p><p><a href="http://scgp.chaco.gov.ar/scgpchaco/images/PROFyM/Publicaciones/Modernizaci%C3%B3n%20del%20Estado.pdf">http://scgp.chaco.gov.ar/scgpchaco/images/PROFyM/Publicaciones/Modernizaci%C3%B3n%20del%20Estado.pdf</a></p><p>&nbsp;</p><p>&nbsp;</p>', 0),
(61, 61, 'http://japps3.chaco.gov.ar/ciudadanos/servlet/hpaneluno', NULL, 1),
(62, 62, 'menu_institucional_galeria-de-imagenes', NULL, 0);
INSERT INTO `seccion` (`id`, `item_id`, `url`, `contenido`, `url_externa`) VALUES
(63, 63, 'menu_institucional_carta-compromiso-con-el-ciudadano', '<h2 class="item-page-title">&nbsp;</h2><div class="item-page">La Carta Compromiso con el Ciudadano es un Documento P&uacute;blico en donde se establecen los est&aacute;ndares de calidad que la dependencia o entidad p&uacute;blica se comprometa a cumplir, proporcionando a la ciudadan&iacute;a, toda la informaci&oacute;n necesaria para realizar un tr&aacute;mite o solicitar un servicio, as&iacute; como la incorporaci&oacute;n de formas de participaci&oacute;n ciudadana. Otorgando una mayor transparencia a la Gesti&oacute;n P&uacute;blica a trav&eacute;s de la publicaci&oacute;n de los resultados obtenidos. Se encuentra incorporado como uno de los componentes del Plan de Calidad en la Gesti&oacute;n P&uacute;blica.</div><div class="item-page"><p>&nbsp;</p><h3>La Carta Compromiso con el Ciudadano comprender&aacute;:</h3><p><span lang="ES-TRAD">a) An&aacute;lisis de los resultados obtenidos en la evaluaci&oacute;n del desempe&ntilde;o efectivo del servicio contrast&aacute;ndolos con los compromisos asumidos para el per&iacute;odo bajo consideraci&oacute;n.</span></p><p><span lang="ES-TRAD">b) Justificaci&oacute;n de los desv&iacute;os o posibles incumplimientos que pudieran presentarse.</span></p><p><span lang="ES-TRAD">c) Metodolog&iacute;a utilizada y resultados obtenidos en las consultas efectuadas a los usuarios y/o beneficiarios del servicio para el per&iacute;odo bajo an&aacute;lisis.</span></p><p><span lang="ES-TRAD">d) Propuestas y alternativas para superar las dificultades encontradas en el per&iacute;odo en consideraci&oacute;n.</span></p><p><span lang="ES-TRAD">e) Proyecci&oacute;n de los objetivos, niveles o est&aacute;ndares de servicios.</span></p></div><p>&nbsp;</p><p><strong>Avances</strong></p><p>Cartas Compromiso firmadas:</p><ul><li><p>Cartas Compromisos Provinciales&nbsp;<a href="http://scgp.chaco.gov.ar/scgpchaco/images/PROFyM/ProyectosdeModernizacion/d%20843%20-%20cartacompromiso.pdf" target="_blank">(Decreto 843/10):</a></p><ul><li><p><a href="http://scgp.chaco.gov.ar/scgpchaco/images/PROFyM/ProyectosdeModernizacion/cartacompromisocentrogestion.pdf" target="_blank">Centro de Gesti&oacute;n</a></p></li><li><p><a href="http://scgp.chaco.gov.ar/scgpchaco/images/PROFyM/ProyectosdeModernizacion/cartacompromisoaportesespeciales.pdf" target="_blank">Direcci&oacute;n de Aportes Especiales</a></p></li></ul></li></ul><p>Cartas Compromisos Nacionales<a href="http://scgp.chaco.gov.ar/scgpchaco/images/PROFyM/ProyectosdeModernizacion/decreto%20229%202000%20carta%20compromiso%20con%20el%20ciudadano.pdf" target="_blank">(Decreto 229/2000):</a></p><ul><li><ul><li><p>Direcci&oacute;n de Personas Jur&iacute;dicas</p></li><li><p>Sistema de Emergencias 911</p></li></ul></li></ul>', 0);

-- --------------------------------------------------------

--
-- Estructura de tabla para la tabla `video_noticia`
--

CREATE TABLE IF NOT EXISTS `video_noticia` (
  `id` int(11) NOT NULL AUTO_INCREMENT,
  `noticia_id` int(11) DEFAULT NULL,
  `evento_id` int(11) DEFAULT NULL,
  `codigoIframe` longtext COLLATE utf8_unicode_ci NOT NULL,
  `descripcion` longtext COLLATE utf8_unicode_ci NOT NULL,
  PRIMARY KEY (`id`),
  KEY `IDX_D4CDB63B99926010` (`noticia_id`),
  KEY `IDX_D4CDB63B87A5F842` (`evento_id`)
) ENGINE=InnoDB DEFAULT CHARSET=utf8 COLLATE=utf8_unicode_ci AUTO_INCREMENT=1 ;

--
-- Restricciones para tablas volcadas
--

--
-- Filtros para la tabla `evento`
--
ALTER TABLE `evento`
  ADD CONSTRAINT `FK_47860B05BF396750` FOREIGN KEY (`id`) REFERENCES `Calendario` (`id`) ON DELETE CASCADE;

--
-- Filtros para la tabla `Fecha`
--
ALTER TABLE `Fecha`
  ADD CONSTRAINT `FK_C06998DDA7F6EA19` FOREIGN KEY (`calendario_id`) REFERENCES `Calendario` (`id`);

--
-- Filtros para la tabla `fos_user`
--
ALTER TABLE `fos_user`
  ADD CONSTRAINT `FK_957A64797A5A413A` FOREIGN KEY (`seccion_id`) REFERENCES `seccion` (`id`);

--
-- Filtros para la tabla `imagen_evento`
--
ALTER TABLE `imagen_evento`
  ADD CONSTRAINT `FK_62C2E8B987A5F842` FOREIGN KEY (`evento_id`) REFERENCES `evento` (`id`),
  ADD CONSTRAINT `FK_62C2E8B9BF396750` FOREIGN KEY (`id`) REFERENCES `imagen` (`id`) ON DELETE CASCADE;

--
-- Filtros para la tabla `imagen_noticia`
--
ALTER TABLE `imagen_noticia`
  ADD CONSTRAINT `FK_F3D2E4D299926010` FOREIGN KEY (`noticia_id`) REFERENCES `noticia` (`id`),
  ADD CONSTRAINT `FK_F3D2E4D2BF396750` FOREIGN KEY (`id`) REFERENCES `imagen` (`id`) ON DELETE CASCADE;

--
-- Filtros para la tabla `imagen_seccion`
--
ALTER TABLE `imagen_seccion`
  ADD CONSTRAINT `FK_224FAE8D7A5A413A` FOREIGN KEY (`seccion_id`) REFERENCES `seccion` (`id`),
  ADD CONSTRAINT `FK_224FAE8DBF396750` FOREIGN KEY (`id`) REFERENCES `imagen` (`id`) ON DELETE CASCADE;

--
-- Filtros para la tabla `Item`
--
ALTER TABLE `Item`
  ADD CONSTRAINT `FK_BF298A20727ACA70` FOREIGN KEY (`parent_id`) REFERENCES `Item` (`id`),
  ADD CONSTRAINT `FK_BF298A20CCD7E912` FOREIGN KEY (`menu_id`) REFERENCES `Menu` (`id`);

--
-- Filtros para la tabla `noticia`
--
ALTER TABLE `noticia`
  ADD CONSTRAINT `FK_31205F96511FC912` FOREIGN KEY (`pdf_id`) REFERENCES `pdf` (`id`),
  ADD CONSTRAINT `FK_31205F967A5A413A` FOREIGN KEY (`seccion_id`) REFERENCES `seccion` (`id`);

--
-- Filtros para la tabla `seccion`
--
ALTER TABLE `seccion`
  ADD CONSTRAINT `FK_E0BD15C9126F525E` FOREIGN KEY (`item_id`) REFERENCES `Item` (`id`);

--
-- Filtros para la tabla `video_noticia`
--
ALTER TABLE `video_noticia`
  ADD CONSTRAINT `FK_D4CDB63B87A5F842` FOREIGN KEY (`evento_id`) REFERENCES `evento` (`id`),
  ADD CONSTRAINT `FK_D4CDB63B99926010` FOREIGN KEY (`noticia_id`) REFERENCES `noticia` (`id`);

/*!40101 SET CHARACTER_SET_CLIENT=@OLD_CHARACTER_SET_CLIENT */;
/*!40101 SET CHARACTER_SET_RESULTS=@OLD_CHARACTER_SET_RESULTS */;
/*!40101 SET COLLATION_CONNECTION=@OLD_COLLATION_CONNECTION */;
